-- 物业管理系统真实中文示例数据（合成数据）
-- 数据量：buildings=12, units=240, residents=360, fee_bills=240, work_orders=145, users=3，总计 1000 条
SET NAMES utf8mb4;
SET time_zone = '+08:00';
SET FOREIGN_KEY_CHECKS = 0;
TRUNCATE TABLE fee_bills;
TRUNCATE TABLE work_orders;
TRUNCATE TABLE residents;
TRUNCATE TABLE units;
TRUNCATE TABLE buildings;
TRUNCATE TABLE users;
SET FOREIGN_KEY_CHECKS = 1;
START TRANSACTION;

INSERT INTO buildings (id, name, code, address, floor_count, unit_count, created_at, updated_at) VALUES
    (1, '云栖雅苑1号楼', 'YQ-01', '杭州市滨江区江南大道688号云栖雅苑1号楼', 18, 20, '2024-03-05 09:00:00', '2024-03-05 09:00:00'),
    (2, '云栖雅苑2号楼', 'YQ-02', '杭州市滨江区江南大道688号云栖雅苑2号楼', 18, 20, '2024-03-09 09:00:00', '2024-03-09 09:00:00'),
    (3, '云栖雅苑3号楼', 'YQ-03', '杭州市滨江区江南大道688号云栖雅苑3号楼', 20, 20, '2024-03-13 09:00:00', '2024-03-13 09:00:00'),
    (4, '云栖雅苑4号楼', 'YQ-04', '杭州市滨江区江南大道688号云栖雅苑4号楼', 20, 20, '2024-03-17 09:00:00', '2024-03-17 09:00:00'),
    (5, '云栖雅苑5号楼', 'YQ-05', '杭州市滨江区江南大道688号云栖雅苑5号楼', 22, 20, '2024-03-21 09:00:00', '2024-03-21 09:00:00'),
    (6, '云栖雅苑6号楼', 'YQ-06', '杭州市滨江区江南大道688号云栖雅苑6号楼', 22, 20, '2024-03-25 09:00:00', '2024-03-25 09:00:00'),
    (7, '云栖雅苑7号楼', 'YQ-07', '杭州市滨江区江南大道688号云栖雅苑7号楼', 18, 20, '2024-03-29 09:00:00', '2024-03-29 09:00:00'),
    (8, '云栖雅苑8号楼', 'YQ-08', '杭州市滨江区江南大道688号云栖雅苑8号楼', 18, 20, '2024-04-02 09:00:00', '2024-04-02 09:00:00'),
    (9, '云栖雅苑9号楼', 'YQ-09', '杭州市滨江区江南大道688号云栖雅苑9号楼', 24, 20, '2024-04-06 09:00:00', '2024-04-06 09:00:00'),
    (10, '云栖雅苑10号楼', 'YQ-10', '杭州市滨江区江南大道688号云栖雅苑10号楼', 24, 20, '2024-04-10 09:00:00', '2024-04-10 09:00:00'),
    (11, '云栖雅苑11号楼', 'YQ-11', '杭州市滨江区江南大道688号云栖雅苑11号楼', 20, 20, '2024-04-14 09:00:00', '2024-04-14 09:00:00'),
    (12, '云栖雅苑12号楼', 'YQ-12', '杭州市滨江区江南大道688号云栖雅苑12号楼', 20, 20, '2024-04-18 09:00:00', '2024-04-18 09:00:00');

INSERT INTO units (id, building_id, unit_no, floor_no, area_m2, occupancy_status, owner_name, owner_phone, created_at, updated_at) VALUES
    (1, 1, '01栋101', 1, 104.00, 'OCCUPIED', '李奕辰', '19915848387', '2024-04-02 10:00:00', '2024-04-02 10:00:00'),
    (2, 1, '01栋102', 1, 120.00, 'OCCUPIED', '张若婷', '13915856306', '2024-04-03 10:00:00', '2024-04-03 10:00:00'),
    (3, 1, '01栋201', 2, 120.00, 'OCCUPIED', '刘景楠', '13815864225', '2024-04-04 10:00:00', '2024-04-04 10:00:00'),
    (4, 1, '01栋202', 2, 91.50, 'OCCUPIED', '陈心杰', '13715872144', '2024-04-05 10:00:00', '2024-04-05 10:00:00'),
    (5, 1, '01栋301', 3, 91.50, 'OCCUPIED', '杨彦', '13615880063', '2024-04-06 10:00:00', '2024-04-06 10:00:00'),
    (6, 1, '01栋302', 3, 104.00, 'OCCUPIED', '黄雅涵', '13515887982', '2024-04-07 10:00:00', '2024-04-07 10:00:00'),
    (7, 1, '01栋401', 4, 104.00, 'OCCUPIED', '赵承辰', '15915895901', '2024-04-08 10:00:00', '2024-04-08 10:00:00'),
    (8, 1, '01栋402', 4, 120.00, 'OCCUPIED', '周宇婷', '15815903820', '2024-04-09 10:00:00', '2024-04-09 10:00:00'),
    (9, 1, '01栋501', 5, 120.00, 'OCCUPIED', '吴子楠', '15715911739', '2024-04-10 10:00:00', '2024-04-10 10:00:00'),
    (10, 1, '01栋502', 5, 91.50, 'OCCUPIED', '徐文', '18815919658', '2024-04-11 10:00:00', '2024-04-11 10:00:00'),
    (11, 1, '01栋601', 6, 91.50, 'OCCUPIED', '孙奕涛', '18715927577', '2024-04-12 10:00:00', '2024-04-12 10:00:00'),
    (12, 1, '01栋602', 6, 104.00, 'OCCUPIED', '朱若涵', '18615935496', '2024-04-13 10:00:00', '2024-04-13 10:00:00'),
    (13, 1, '01栋701', 7, 104.00, 'OCCUPIED', '马景辰', '17715943415', '2024-04-14 10:00:00', '2024-04-14 10:00:00'),
    (14, 1, '01栋702', 7, 120.00, 'OCCUPIED', '胡心婷', '17615951334', '2024-04-15 10:00:00', '2024-04-15 10:00:00'),
    (15, 1, '01栋801', 8, 120.00, 'OCCUPIED', '郭彦', '19915959253', '2024-04-16 10:00:00', '2024-04-16 10:00:00'),
    (16, 1, '01栋802', 8, 91.50, 'OCCUPIED', '何雅杰', '13915967172', '2024-04-17 10:00:00', '2024-04-17 10:00:00'),
    (17, 1, '01栋901', 9, 91.50, 'OCCUPIED', '高承涛', '13815975091', '2024-04-18 10:00:00', '2024-04-18 10:00:00'),
    (18, 1, '01栋902', 9, 104.00, 'OCCUPIED', '林宇涵', '13715983010', '2024-04-19 10:00:00', '2024-04-19 10:00:00'),
    (19, 1, '01栋1001', 10, 104.00, 'OCCUPIED', '罗子辰', '13615990929', '2024-04-20 10:00:00', '2024-04-20 10:00:00'),
    (20, 1, '01栋1002', 10, 120.00, 'OCCUPIED', '郑文', '13515998848', '2024-04-21 10:00:00', '2024-04-21 10:00:00'),
    (21, 2, '02栋101', 1, 90.00, 'OCCUPIED', '梁奕楠', '15916006767', '2024-04-22 10:00:00', '2024-04-22 10:00:00'),
    (22, 2, '02栋102', 1, 100.00, 'OCCUPIED', '谢若杰', '15816014686', '2024-04-23 10:00:00', '2024-04-23 10:00:00'),
    (23, 2, '02栋201', 2, 100.00, 'OCCUPIED', '宋景涛', '15716022605', '2024-04-24 10:00:00', '2024-04-24 10:00:00'),
    (24, 2, '02栋202', 2, 112.50, 'OCCUPIED', '唐心涵', '18816030524', '2024-04-25 10:00:00', '2024-04-25 10:00:00'),
    (25, 2, '02栋301', 3, 112.50, 'OCCUPIED', '许彦', '18716038443', '2024-04-26 10:00:00', '2024-04-26 10:00:00'),
    (26, 2, '02栋302', 3, 90.00, 'OCCUPIED', '韩雅婷', '18616046362', '2024-04-27 10:00:00', '2024-04-27 10:00:00'),
    (27, 2, '02栋401', 4, 90.00, 'OCCUPIED', '冯承楠', '17716054281', '2024-04-28 10:00:00', '2024-04-28 10:00:00'),
    (28, 2, '02栋402', 4, 100.00, 'OCCUPIED', '邓宇杰', '17616062200', '2024-04-29 10:00:00', '2024-04-29 10:00:00'),
    (29, 2, '02栋501', 5, 100.00, 'OCCUPIED', '曹子涛', '19916070119', '2024-04-30 10:00:00', '2024-04-30 10:00:00'),
    (30, 2, '02栋502', 5, 112.50, 'OCCUPIED', '彭文', '13916078038', '2024-05-01 10:00:00', '2024-05-01 10:00:00'),
    (31, 2, '02栋601', 6, 112.50, 'OCCUPIED', '曾奕辰', '13816085957', '2024-05-02 10:00:00', '2024-05-02 10:00:00'),
    (32, 2, '02栋602', 6, 90.00, 'OCCUPIED', '肖若婷', '13716093876', '2024-05-03 10:00:00', '2024-05-03 10:00:00'),
    (33, 2, '02栋701', 7, 90.00, 'OCCUPIED', '田景楠', '13616101795', '2024-05-04 10:00:00', '2024-05-04 10:00:00'),
    (34, 2, '02栋702', 7, 100.00, 'OCCUPIED', '董心杰', '13516109714', '2024-05-05 10:00:00', '2024-05-05 10:00:00'),
    (35, 2, '02栋801', 8, 100.00, 'OCCUPIED', '袁彦', '15916117633', '2024-05-06 10:00:00', '2024-05-06 10:00:00'),
    (36, 2, '02栋802', 8, 112.50, 'OCCUPIED', '潘雅涵', '15816125552', '2024-05-07 10:00:00', '2024-05-07 10:00:00'),
    (37, 2, '02栋901', 9, 112.50, 'OCCUPIED', '于承辰', '15716133471', '2024-05-08 10:00:00', '2024-05-08 10:00:00'),
    (38, 2, '02栋902', 9, 90.00, 'OCCUPIED', '蒋宇婷', '18816141390', '2024-05-09 10:00:00', '2024-05-09 10:00:00'),
    (39, 2, '02栋1001', 10, 90.00, 'OCCUPIED', '蔡子楠', '18716149309', '2024-05-10 10:00:00', '2024-05-10 10:00:00'),
    (40, 2, '02栋1002', 10, 100.00, 'OCCUPIED', '王文', '18616157228', '2024-05-11 10:00:00', '2024-05-11 10:00:00'),
    (41, 3, '03栋101', 1, 102.00, 'OCCUPIED', '李奕涛', '17716165147', '2024-05-12 10:00:00', '2024-05-12 10:00:00'),
    (42, 3, '03栋102', 1, 118.00, 'OCCUPIED', '张若涵', '17616173066', '2024-05-13 10:00:00', '2024-05-13 10:00:00'),
    (43, 3, '03栋201', 2, 118.00, 'OCCUPIED', '刘景辰', '19916180985', '2024-05-14 10:00:00', '2024-05-14 10:00:00'),
    (44, 3, '03栋202', 2, 89.50, 'OCCUPIED', '陈心婷', '13916188904', '2024-05-15 10:00:00', '2024-05-15 10:00:00'),
    (45, 3, '03栋301', 3, 89.50, 'OCCUPIED', '杨彦', '13816196823', '2024-05-16 10:00:00', '2024-05-16 10:00:00'),
    (46, 3, '03栋302', 3, 102.00, 'OCCUPIED', '黄雅杰', '13716204742', '2024-05-17 10:00:00', '2024-05-17 10:00:00'),
    (47, 3, '03栋401', 4, 102.00, 'OCCUPIED', '赵承涛', '13616212661', '2024-05-18 10:00:00', '2024-05-18 10:00:00'),
    (48, 3, '03栋402', 4, 118.00, 'OCCUPIED', '周宇涵', '13516220580', '2024-05-19 10:00:00', '2024-05-19 10:00:00'),
    (49, 3, '03栋501', 5, 118.00, 'OCCUPIED', '吴子辰', '15916228499', '2024-05-20 10:00:00', '2024-05-20 10:00:00'),
    (50, 3, '03栋502', 5, 89.50, 'OCCUPIED', '徐文', '15816236418', '2024-05-21 10:00:00', '2024-05-21 10:00:00'),
    (51, 3, '03栋601', 6, 89.50, 'OCCUPIED', '孙奕楠', '15716244337', '2024-05-22 10:00:00', '2024-05-22 10:00:00'),
    (52, 3, '03栋602', 6, 102.00, 'OCCUPIED', '朱若杰', '18816252256', '2024-05-23 10:00:00', '2024-05-23 10:00:00'),
    (53, 3, '03栋701', 7, 102.00, 'OCCUPIED', '马景涛', '18716260175', '2024-05-24 10:00:00', '2024-05-24 10:00:00'),
    (54, 3, '03栋702', 7, 118.00, 'OCCUPIED', '胡心涵', '18616268094', '2024-05-25 10:00:00', '2024-05-25 10:00:00'),
    (55, 3, '03栋801', 8, 118.00, 'OCCUPIED', '郭彦', '17716276013', '2024-05-26 10:00:00', '2024-05-26 10:00:00'),
    (56, 3, '03栋802', 8, 89.50, 'OCCUPIED', '何雅婷', '17616283932', '2024-05-27 10:00:00', '2024-05-27 10:00:00'),
    (57, 3, '03栋901', 9, 89.50, 'OCCUPIED', '高承楠', '19916291851', '2024-05-28 10:00:00', '2024-05-28 10:00:00'),
    (58, 3, '03栋902', 9, 102.00, 'OCCUPIED', '林宇杰', '13916299770', '2024-05-29 10:00:00', '2024-05-29 10:00:00'),
    (59, 3, '03栋1001', 10, 102.00, 'OCCUPIED', '罗子涛', '13816307689', '2024-05-30 10:00:00', '2024-05-30 10:00:00'),
    (60, 3, '03栋1002', 10, 118.00, 'OCCUPIED', '郑文', '13716315608', '2024-05-31 10:00:00', '2024-05-31 10:00:00'),
    (61, 4, '04栋101', 1, 88.00, 'OCCUPIED', '梁奕辰', '13616323527', '2024-06-01 10:00:00', '2024-06-01 10:00:00'),
    (62, 4, '04栋102', 1, 98.00, 'OCCUPIED', '谢若婷', '13516331446', '2024-06-02 10:00:00', '2024-06-02 10:00:00'),
    (63, 4, '04栋201', 2, 98.00, 'OCCUPIED', '宋景楠', '15916339365', '2024-06-03 10:00:00', '2024-06-03 10:00:00'),
    (64, 4, '04栋202', 2, 110.50, 'OCCUPIED', '唐心杰', '15816347284', '2024-06-04 10:00:00', '2024-06-04 10:00:00'),
    (65, 4, '04栋301', 3, 110.50, 'OCCUPIED', '许彦', '15716355203', '2024-06-05 10:00:00', '2024-06-05 10:00:00'),
    (66, 4, '04栋302', 3, 88.00, 'OCCUPIED', '韩雅涵', '18816363122', '2024-06-06 10:00:00', '2024-06-06 10:00:00'),
    (67, 4, '04栋401', 4, 88.00, 'OCCUPIED', '冯承辰', '18716371041', '2024-06-07 10:00:00', '2024-06-07 10:00:00'),
    (68, 4, '04栋402', 4, 98.00, 'OCCUPIED', '邓宇婷', '18616378960', '2024-06-08 10:00:00', '2024-06-08 10:00:00'),
    (69, 4, '04栋501', 5, 98.00, 'OCCUPIED', '曹子楠', '17716386879', '2024-06-09 10:00:00', '2024-06-09 10:00:00'),
    (70, 4, '04栋502', 5, 110.50, 'OCCUPIED', '彭文', '17616394798', '2024-06-10 10:00:00', '2024-06-10 10:00:00'),
    (71, 4, '04栋601', 6, 110.50, 'OCCUPIED', '曾奕涛', '19916402717', '2024-06-11 10:00:00', '2024-06-11 10:00:00'),
    (72, 4, '04栋602', 6, 88.00, 'OCCUPIED', '肖若涵', '13916410636', '2024-06-12 10:00:00', '2024-06-12 10:00:00'),
    (73, 4, '04栋701', 7, 88.00, 'OCCUPIED', '田景辰', '13816418555', '2024-06-13 10:00:00', '2024-06-13 10:00:00'),
    (74, 4, '04栋702', 7, 98.00, 'OCCUPIED', '董心婷', '13716426474', '2024-06-14 10:00:00', '2024-06-14 10:00:00'),
    (75, 4, '04栋801', 8, 98.00, 'OCCUPIED', '袁彦', '13616434393', '2024-06-15 10:00:00', '2024-06-15 10:00:00'),
    (76, 4, '04栋802', 8, 110.50, 'OCCUPIED', '潘雅杰', '13516442312', '2024-06-16 10:00:00', '2024-06-16 10:00:00'),
    (77, 4, '04栋901', 9, 110.50, 'OCCUPIED', '于承涛', '15916450231', '2024-06-17 10:00:00', '2024-06-17 10:00:00'),
    (78, 4, '04栋902', 9, 88.00, 'OCCUPIED', '蒋宇涵', '15816458150', '2024-06-18 10:00:00', '2024-06-18 10:00:00'),
    (79, 4, '04栋1001', 10, 88.00, 'OCCUPIED', '蔡子辰', '15716466069', '2024-06-19 10:00:00', '2024-06-19 10:00:00'),
    (80, 4, '04栋1002', 10, 98.00, 'OCCUPIED', '王文', '18816473988', '2024-06-20 10:00:00', '2024-06-20 10:00:00');
INSERT INTO units (id, building_id, unit_no, floor_no, area_m2, occupancy_status, owner_name, owner_phone, created_at, updated_at) VALUES
    (81, 5, '05栋101', 1, 106.00, 'OCCUPIED', '李奕楠', '18716481907', '2024-06-21 10:00:00', '2024-06-21 10:00:00'),
    (82, 5, '05栋102', 1, 122.00, 'OCCUPIED', '张若杰', '18616489826', '2024-06-22 10:00:00', '2024-06-22 10:00:00'),
    (83, 5, '05栋201', 2, 122.00, 'OCCUPIED', '刘景涛', '17716497745', '2024-06-23 10:00:00', '2024-06-23 10:00:00'),
    (84, 5, '05栋202', 2, 93.50, 'OCCUPIED', '陈心涵', '17616505664', '2024-06-24 10:00:00', '2024-06-24 10:00:00'),
    (85, 5, '05栋301', 3, 93.50, 'OCCUPIED', '杨彦', '19916513583', '2024-06-25 10:00:00', '2024-06-25 10:00:00'),
    (86, 5, '05栋302', 3, 106.00, 'OCCUPIED', '黄雅婷', '13916521502', '2024-06-26 10:00:00', '2024-06-26 10:00:00'),
    (87, 5, '05栋401', 4, 106.00, 'OCCUPIED', '赵承楠', '13816529421', '2024-06-27 10:00:00', '2024-06-27 10:00:00'),
    (88, 5, '05栋402', 4, 122.00, 'OCCUPIED', '周宇杰', '13716537340', '2024-06-28 10:00:00', '2024-06-28 10:00:00'),
    (89, 5, '05栋501', 5, 122.00, 'OCCUPIED', '吴子涛', '13616545259', '2024-06-29 10:00:00', '2024-06-29 10:00:00'),
    (90, 5, '05栋502', 5, 93.50, 'OCCUPIED', '徐文', '13516553178', '2024-06-30 10:00:00', '2024-06-30 10:00:00'),
    (91, 5, '05栋601', 6, 93.50, 'OCCUPIED', '孙奕辰', '15916561097', '2024-07-01 10:00:00', '2024-07-01 10:00:00'),
    (92, 5, '05栋602', 6, 106.00, 'OCCUPIED', '朱若婷', '15816569016', '2024-07-02 10:00:00', '2024-07-02 10:00:00'),
    (93, 5, '05栋701', 7, 106.00, 'OCCUPIED', '马景楠', '15716576935', '2024-07-03 10:00:00', '2024-07-03 10:00:00'),
    (94, 5, '05栋702', 7, 122.00, 'OCCUPIED', '胡心杰', '18816584854', '2024-07-04 10:00:00', '2024-07-04 10:00:00'),
    (95, 5, '05栋801', 8, 122.00, 'OCCUPIED', '郭彦', '18716592773', '2024-07-05 10:00:00', '2024-07-05 10:00:00'),
    (96, 5, '05栋802', 8, 93.50, 'OCCUPIED', '何雅涵', '18616600692', '2024-07-06 10:00:00', '2024-07-06 10:00:00'),
    (97, 5, '05栋901', 9, 93.50, 'OCCUPIED', '高承辰', '17716608611', '2024-07-07 10:00:00', '2024-07-07 10:00:00'),
    (98, 5, '05栋902', 9, 106.00, 'OCCUPIED', '林宇婷', '17616616530', '2024-07-08 10:00:00', '2024-07-08 10:00:00'),
    (99, 5, '05栋1001', 10, 106.00, 'OCCUPIED', '罗子楠', '19916624449', '2024-07-09 10:00:00', '2024-07-09 10:00:00'),
    (100, 5, '05栋1002', 10, 122.00, 'OCCUPIED', '郑文', '13916632368', '2024-07-10 10:00:00', '2024-07-10 10:00:00'),
    (101, 6, '06栋101', 1, 86.00, 'OCCUPIED', '梁奕涛', '13816640287', '2024-07-11 10:00:00', '2024-07-11 10:00:00'),
    (102, 6, '06栋102', 1, 96.00, 'OCCUPIED', '谢若涵', '13716648206', '2024-07-12 10:00:00', '2024-07-12 10:00:00'),
    (103, 6, '06栋201', 2, 96.00, 'OCCUPIED', '宋景辰', '13616656125', '2024-07-13 10:00:00', '2024-07-13 10:00:00'),
    (104, 6, '06栋202', 2, 108.50, 'OCCUPIED', '唐心婷', '13516664044', '2024-07-14 10:00:00', '2024-07-14 10:00:00'),
    (105, 6, '06栋301', 3, 108.50, 'OCCUPIED', '许彦', '15916671963', '2024-07-15 10:00:00', '2024-07-15 10:00:00'),
    (106, 6, '06栋302', 3, 86.00, 'OCCUPIED', '韩雅杰', '15816679882', '2024-07-16 10:00:00', '2024-07-16 10:00:00'),
    (107, 6, '06栋401', 4, 86.00, 'OCCUPIED', '冯承涛', '15716687801', '2024-07-17 10:00:00', '2024-07-17 10:00:00'),
    (108, 6, '06栋402', 4, 96.00, 'OCCUPIED', '邓宇涵', '18816695720', '2024-07-18 10:00:00', '2024-07-18 10:00:00'),
    (109, 6, '06栋501', 5, 96.00, 'OCCUPIED', '曹子辰', '18716703639', '2024-07-19 10:00:00', '2024-07-19 10:00:00'),
    (110, 6, '06栋502', 5, 108.50, 'OCCUPIED', '彭文', '18616711558', '2024-07-20 10:00:00', '2024-07-20 10:00:00'),
    (111, 6, '06栋601', 6, 108.50, 'OCCUPIED', '曾奕楠', '17716719477', '2024-07-21 10:00:00', '2024-07-21 10:00:00'),
    (112, 6, '06栋602', 6, 86.00, 'OCCUPIED', '肖若杰', '17616727396', '2024-07-22 10:00:00', '2024-07-22 10:00:00'),
    (113, 6, '06栋701', 7, 86.00, 'OCCUPIED', '田景涛', '19916735315', '2024-07-23 10:00:00', '2024-07-23 10:00:00'),
    (114, 6, '06栋702', 7, 96.00, 'OCCUPIED', '董心涵', '13916743234', '2024-07-24 10:00:00', '2024-07-24 10:00:00'),
    (115, 6, '06栋801', 8, 96.00, 'OCCUPIED', '袁彦', '13816751153', '2024-07-25 10:00:00', '2024-07-25 10:00:00'),
    (116, 6, '06栋802', 8, 108.50, 'OCCUPIED', '潘雅婷', '13716759072', '2024-07-26 10:00:00', '2024-07-26 10:00:00'),
    (117, 6, '06栋901', 9, 108.50, 'OCCUPIED', '于承楠', '13616766991', '2024-07-27 10:00:00', '2024-07-27 10:00:00'),
    (118, 6, '06栋902', 9, 86.00, 'OCCUPIED', '蒋宇杰', '13516774910', '2024-07-28 10:00:00', '2024-07-28 10:00:00'),
    (119, 6, '06栋1001', 10, 86.00, 'OCCUPIED', '蔡子涛', '15916782829', '2024-07-29 10:00:00', '2024-07-29 10:00:00'),
    (120, 6, '06栋1002', 10, 96.00, 'OCCUPIED', '王文', '15816790748', '2024-07-30 10:00:00', '2024-07-30 10:00:00'),
    (121, 7, '07栋101', 1, 104.00, 'OCCUPIED', '李奕辰', '15716798667', '2024-07-31 10:00:00', '2024-07-31 10:00:00'),
    (122, 7, '07栋102', 1, 120.00, 'OCCUPIED', '张若婷', '18816806586', '2024-08-01 10:00:00', '2024-08-01 10:00:00'),
    (123, 7, '07栋201', 2, 120.00, 'OCCUPIED', '刘景楠', '18716814505', '2024-08-02 10:00:00', '2024-08-02 10:00:00'),
    (124, 7, '07栋202', 2, 91.50, 'OCCUPIED', '陈心杰', '18616822424', '2024-08-03 10:00:00', '2024-08-03 10:00:00'),
    (125, 7, '07栋301', 3, 91.50, 'OCCUPIED', '杨彦', '17716830343', '2024-08-04 10:00:00', '2024-08-04 10:00:00'),
    (126, 7, '07栋302', 3, 104.00, 'OCCUPIED', '黄雅涵', '17616838262', '2024-08-05 10:00:00', '2024-08-05 10:00:00'),
    (127, 7, '07栋401', 4, 104.00, 'OCCUPIED', '赵承辰', '19916846181', '2024-08-06 10:00:00', '2024-08-06 10:00:00'),
    (128, 7, '07栋402', 4, 120.00, 'OCCUPIED', '周宇婷', '13916854100', '2024-08-07 10:00:00', '2024-08-07 10:00:00'),
    (129, 7, '07栋501', 5, 120.00, 'OCCUPIED', '吴子楠', '13816862019', '2024-08-08 10:00:00', '2024-08-08 10:00:00'),
    (130, 7, '07栋502', 5, 91.50, 'OCCUPIED', '徐文', '13716869938', '2024-08-09 10:00:00', '2024-08-09 10:00:00'),
    (131, 7, '07栋601', 6, 91.50, 'RENTED', '孙奕涛', '13616877857', '2024-08-10 10:00:00', '2024-08-10 10:00:00'),
    (132, 7, '07栋602', 6, 104.00, 'RENTED', '朱若涵', '13516885776', '2024-08-11 10:00:00', '2024-08-11 10:00:00'),
    (133, 7, '07栋701', 7, 104.00, 'RENTED', '马景辰', '15916893695', '2024-08-12 10:00:00', '2024-08-12 10:00:00'),
    (134, 7, '07栋702', 7, 120.00, 'RENTED', '胡心婷', '15816901614', '2024-08-13 10:00:00', '2024-08-13 10:00:00'),
    (135, 7, '07栋801', 8, 120.00, 'RENTED', '郭彦', '15716909533', '2024-08-14 10:00:00', '2024-08-14 10:00:00'),
    (136, 7, '07栋802', 8, 91.50, 'RENTED', '何雅杰', '18816917452', '2024-08-15 10:00:00', '2024-08-15 10:00:00'),
    (137, 7, '07栋901', 9, 91.50, 'RENTED', '高承涛', '18716925371', '2024-08-16 10:00:00', '2024-08-16 10:00:00'),
    (138, 7, '07栋902', 9, 104.00, 'RENTED', '林宇涵', '18616933290', '2024-08-17 10:00:00', '2024-08-17 10:00:00'),
    (139, 7, '07栋1001', 10, 104.00, 'RENTED', '罗子辰', '17716941209', '2024-08-18 10:00:00', '2024-08-18 10:00:00'),
    (140, 7, '07栋1002', 10, 120.00, 'RENTED', '郑文', '17616949128', '2024-08-19 10:00:00', '2024-08-19 10:00:00'),
    (141, 8, '08栋101', 1, 90.00, 'RENTED', '梁奕楠', '19916957047', '2024-08-20 10:00:00', '2024-08-20 10:00:00'),
    (142, 8, '08栋102', 1, 100.00, 'RENTED', '谢若杰', '13916964966', '2024-08-21 10:00:00', '2024-08-21 10:00:00'),
    (143, 8, '08栋201', 2, 100.00, 'RENTED', '宋景涛', '13816972885', '2024-08-22 10:00:00', '2024-08-22 10:00:00'),
    (144, 8, '08栋202', 2, 112.50, 'RENTED', '唐心涵', '13716980804', '2024-08-23 10:00:00', '2024-08-23 10:00:00'),
    (145, 8, '08栋301', 3, 112.50, 'RENTED', '许彦', '13616988723', '2024-08-24 10:00:00', '2024-08-24 10:00:00'),
    (146, 8, '08栋302', 3, 90.00, 'RENTED', '韩雅婷', '13516996642', '2024-08-25 10:00:00', '2024-08-25 10:00:00'),
    (147, 8, '08栋401', 4, 90.00, 'RENTED', '冯承楠', '15917004561', '2024-08-26 10:00:00', '2024-08-26 10:00:00'),
    (148, 8, '08栋402', 4, 100.00, 'RENTED', '邓宇杰', '15817012480', '2024-08-27 10:00:00', '2024-08-27 10:00:00'),
    (149, 8, '08栋501', 5, 100.00, 'RENTED', '曹子涛', '15717020399', '2024-08-28 10:00:00', '2024-08-28 10:00:00'),
    (150, 8, '08栋502', 5, 112.50, 'RENTED', '彭文', '18817028318', '2024-08-29 10:00:00', '2024-08-29 10:00:00'),
    (151, 8, '08栋601', 6, 112.50, 'RENTED', '曾奕辰', '18717036237', '2024-08-30 10:00:00', '2024-08-30 10:00:00'),
    (152, 8, '08栋602', 6, 90.00, 'RENTED', '肖若婷', '18617044156', '2024-08-31 10:00:00', '2024-08-31 10:00:00'),
    (153, 8, '08栋701', 7, 90.00, 'RENTED', '田景楠', '17717052075', '2024-09-01 10:00:00', '2024-09-01 10:00:00'),
    (154, 8, '08栋702', 7, 100.00, 'RENTED', '董心杰', '17617059994', '2024-09-02 10:00:00', '2024-09-02 10:00:00'),
    (155, 8, '08栋801', 8, 100.00, 'RENTED', '袁彦', '19917067913', '2024-09-03 10:00:00', '2024-09-03 10:00:00'),
    (156, 8, '08栋802', 8, 112.50, 'RENTED', '潘雅涵', '13917075832', '2024-09-04 10:00:00', '2024-09-04 10:00:00'),
    (157, 8, '08栋901', 9, 112.50, 'RENTED', '于承辰', '13817083751', '2024-09-05 10:00:00', '2024-09-05 10:00:00'),
    (158, 8, '08栋902', 9, 90.00, 'RENTED', '蒋宇婷', '13717091670', '2024-09-06 10:00:00', '2024-09-06 10:00:00'),
    (159, 8, '08栋1001', 10, 90.00, 'RENTED', '蔡子楠', '13617099589', '2024-09-07 10:00:00', '2024-09-07 10:00:00'),
    (160, 8, '08栋1002', 10, 100.00, 'RENTED', '王文', '13517107508', '2024-09-08 10:00:00', '2024-09-08 10:00:00');
INSERT INTO units (id, building_id, unit_no, floor_no, area_m2, occupancy_status, owner_name, owner_phone, created_at, updated_at) VALUES
    (161, 9, '09栋101', 1, 102.00, 'RENTED', '李奕涛', '15917115427', '2024-09-09 10:00:00', '2024-09-09 10:00:00'),
    (162, 9, '09栋102', 1, 118.00, 'RENTED', '张若涵', '15817123346', '2024-09-10 10:00:00', '2024-09-10 10:00:00'),
    (163, 9, '09栋201', 2, 118.00, 'RENTED', '刘景辰', '15717131265', '2024-09-11 10:00:00', '2024-09-11 10:00:00'),
    (164, 9, '09栋202', 2, 89.50, 'RENTED', '陈心婷', '18817139184', '2024-09-12 10:00:00', '2024-09-12 10:00:00'),
    (165, 9, '09栋301', 3, 89.50, 'RENTED', '杨彦', '18717147103', '2024-09-13 10:00:00', '2024-09-13 10:00:00'),
    (166, 9, '09栋302', 3, 102.00, 'RENTED', '黄雅杰', '18617155022', '2024-09-14 10:00:00', '2024-09-14 10:00:00'),
    (167, 9, '09栋401', 4, 102.00, 'RENTED', '赵承涛', '17717162941', '2024-09-15 10:00:00', '2024-09-15 10:00:00'),
    (168, 9, '09栋402', 4, 118.00, 'RENTED', '周宇涵', '17617170860', '2024-09-16 10:00:00', '2024-09-16 10:00:00'),
    (169, 9, '09栋501', 5, 118.00, 'RENTED', '吴子辰', '19917178779', '2024-09-17 10:00:00', '2024-09-17 10:00:00'),
    (170, 9, '09栋502', 5, 89.50, 'RENTED', '徐文', '13917186698', '2024-09-18 10:00:00', '2024-09-18 10:00:00'),
    (171, 9, '09栋601', 6, 89.50, 'RENTED', '孙奕楠', '13817194617', '2024-09-19 10:00:00', '2024-09-19 10:00:00'),
    (172, 9, '09栋602', 6, 102.00, 'RENTED', '朱若杰', '13717202536', '2024-09-20 10:00:00', '2024-09-20 10:00:00'),
    (173, 9, '09栋701', 7, 102.00, 'RENTED', '马景涛', '13617210455', '2024-09-21 10:00:00', '2024-09-21 10:00:00'),
    (174, 9, '09栋702', 7, 118.00, 'RENTED', '胡心涵', '13517218374', '2024-09-22 10:00:00', '2024-09-22 10:00:00'),
    (175, 9, '09栋801', 8, 118.00, 'RENTED', '郭彦', '15917226293', '2024-09-23 10:00:00', '2024-09-23 10:00:00'),
    (176, 9, '09栋802', 8, 89.50, 'RENTED', '何雅婷', '15817234212', '2024-09-24 10:00:00', '2024-09-24 10:00:00'),
    (177, 9, '09栋901', 9, 89.50, 'RENTED', '高承楠', '15717242131', '2024-09-25 10:00:00', '2024-09-25 10:00:00'),
    (178, 9, '09栋902', 9, 102.00, 'RENTED', '林宇杰', '18817250050', '2024-09-26 10:00:00', '2024-09-26 10:00:00'),
    (179, 9, '09栋1001', 10, 102.00, 'RENTED', '罗子涛', '18717257969', '2024-09-27 10:00:00', '2024-09-27 10:00:00'),
    (180, 9, '09栋1002', 10, 118.00, 'RENTED', '郑文', '18617265888', '2024-09-28 10:00:00', '2024-09-28 10:00:00'),
    (181, 10, '10栋101', 1, 88.00, 'VACANT', '梁奕辰', '17717273807', '2024-09-29 10:00:00', '2024-09-29 10:00:00'),
    (182, 10, '10栋102', 1, 98.00, 'VACANT', '谢若婷', '17617281726', '2024-09-30 10:00:00', '2024-09-30 10:00:00'),
    (183, 10, '10栋201', 2, 98.00, 'VACANT', '宋景楠', '19917289645', '2024-10-01 10:00:00', '2024-10-01 10:00:00'),
    (184, 10, '10栋202', 2, 110.50, 'VACANT', '唐心杰', '13917297564', '2024-10-02 10:00:00', '2024-10-02 10:00:00'),
    (185, 10, '10栋301', 3, 110.50, 'VACANT', '许彦', '13817305483', '2024-10-03 10:00:00', '2024-10-03 10:00:00'),
    (186, 10, '10栋302', 3, 88.00, 'VACANT', '韩雅涵', '13717313402', '2024-10-04 10:00:00', '2024-10-04 10:00:00'),
    (187, 10, '10栋401', 4, 88.00, 'VACANT', '冯承辰', '13617321321', '2024-10-05 10:00:00', '2024-10-05 10:00:00'),
    (188, 10, '10栋402', 4, 98.00, 'VACANT', '邓宇婷', '13517329240', '2024-10-06 10:00:00', '2024-10-06 10:00:00'),
    (189, 10, '10栋501', 5, 98.00, 'VACANT', '曹子楠', '15917337159', '2024-10-07 10:00:00', '2024-10-07 10:00:00'),
    (190, 10, '10栋502', 5, 110.50, 'VACANT', '彭文', '15817345078', '2024-10-08 10:00:00', '2024-10-08 10:00:00'),
    (191, 10, '10栋601', 6, 110.50, 'VACANT', '曾奕涛', '15717352997', '2024-10-09 10:00:00', '2024-10-09 10:00:00'),
    (192, 10, '10栋602', 6, 88.00, 'VACANT', '肖若涵', '18817360916', '2024-10-10 10:00:00', '2024-10-10 10:00:00'),
    (193, 10, '10栋701', 7, 88.00, 'VACANT', '田景辰', '18717368835', '2024-10-11 10:00:00', '2024-10-11 10:00:00'),
    (194, 10, '10栋702', 7, 98.00, 'VACANT', '董心婷', '18617376754', '2024-10-12 10:00:00', '2024-10-12 10:00:00'),
    (195, 10, '10栋801', 8, 98.00, 'VACANT', '袁彦', '17717384673', '2024-10-13 10:00:00', '2024-10-13 10:00:00'),
    (196, 10, '10栋802', 8, 110.50, 'VACANT', '潘雅杰', '17617392592', '2024-10-14 10:00:00', '2024-10-14 10:00:00'),
    (197, 10, '10栋901', 9, 110.50, 'VACANT', '于承涛', '19917400511', '2024-10-15 10:00:00', '2024-10-15 10:00:00'),
    (198, 10, '10栋902', 9, 88.00, 'VACANT', '蒋宇涵', '13917408430', '2024-10-16 10:00:00', '2024-10-16 10:00:00'),
    (199, 10, '10栋1001', 10, 88.00, 'VACANT', '蔡子辰', '13817416349', '2024-10-17 10:00:00', '2024-10-17 10:00:00'),
    (200, 10, '10栋1002', 10, 98.00, 'VACANT', '王文', '13717424268', '2024-10-18 10:00:00', '2024-10-18 10:00:00'),
    (201, 11, '11栋101', 1, 106.00, 'VACANT', '李奕楠', '13617432187', '2024-10-19 10:00:00', '2024-10-19 10:00:00'),
    (202, 11, '11栋102', 1, 122.00, 'VACANT', '张若杰', '13517440106', '2024-10-20 10:00:00', '2024-10-20 10:00:00'),
    (203, 11, '11栋201', 2, 122.00, 'VACANT', '刘景涛', '15917448025', '2024-10-21 10:00:00', '2024-10-21 10:00:00'),
    (204, 11, '11栋202', 2, 93.50, 'VACANT', '陈心涵', '15817455944', '2024-10-22 10:00:00', '2024-10-22 10:00:00'),
    (205, 11, '11栋301', 3, 93.50, 'VACANT', '杨彦', '15717463863', '2024-10-23 10:00:00', '2024-10-23 10:00:00'),
    (206, 11, '11栋302', 3, 106.00, 'VACANT', '黄雅婷', '18817471782', '2024-10-24 10:00:00', '2024-10-24 10:00:00'),
    (207, 11, '11栋401', 4, 106.00, 'VACANT', '赵承楠', '18717479701', '2024-10-25 10:00:00', '2024-10-25 10:00:00'),
    (208, 11, '11栋402', 4, 122.00, 'VACANT', '周宇杰', '18617487620', '2024-10-26 10:00:00', '2024-10-26 10:00:00'),
    (209, 11, '11栋501', 5, 122.00, 'VACANT', '吴子涛', '17717495539', '2024-10-27 10:00:00', '2024-10-27 10:00:00'),
    (210, 11, '11栋502', 5, 93.50, 'VACANT', '徐文', '17617503458', '2024-10-28 10:00:00', '2024-10-28 10:00:00'),
    (211, 11, '11栋601', 6, 93.50, 'VACANT', '孙奕辰', '19917511377', '2024-10-29 10:00:00', '2024-10-29 10:00:00'),
    (212, 11, '11栋602', 6, 106.00, 'VACANT', '朱若婷', '13917519296', '2024-10-30 10:00:00', '2024-10-30 10:00:00'),
    (213, 11, '11栋701', 7, 106.00, 'VACANT', '马景楠', '13817527215', '2024-10-31 10:00:00', '2024-10-31 10:00:00'),
    (214, 11, '11栋702', 7, 122.00, 'VACANT', '胡心杰', '13717535134', '2024-11-01 10:00:00', '2024-11-01 10:00:00'),
    (215, 11, '11栋801', 8, 122.00, 'VACANT', '郭彦', '13617543053', '2024-11-02 10:00:00', '2024-11-02 10:00:00'),
    (216, 11, '11栋802', 8, 93.50, 'VACANT', '何雅涵', '13517550972', '2024-11-03 10:00:00', '2024-11-03 10:00:00'),
    (217, 11, '11栋901', 9, 93.50, 'VACANT', '高承辰', '15917558891', '2024-11-04 10:00:00', '2024-11-04 10:00:00'),
    (218, 11, '11栋902', 9, 106.00, 'VACANT', '林宇婷', '15817566810', '2024-11-05 10:00:00', '2024-11-05 10:00:00'),
    (219, 11, '11栋1001', 10, 106.00, 'VACANT', '罗子楠', '15717574729', '2024-11-06 10:00:00', '2024-11-06 10:00:00'),
    (220, 11, '11栋1002', 10, 122.00, 'VACANT', '郑文', '18817582648', '2024-11-07 10:00:00', '2024-11-07 10:00:00'),
    (221, 12, '12栋101', 1, 86.00, 'VACANT', '梁奕涛', '18717590567', '2024-11-08 10:00:00', '2024-11-08 10:00:00'),
    (222, 12, '12栋102', 1, 96.00, 'VACANT', '谢若涵', '18617598486', '2024-11-09 10:00:00', '2024-11-09 10:00:00'),
    (223, 12, '12栋201', 2, 96.00, 'VACANT', '宋景辰', '17717606405', '2024-11-10 10:00:00', '2024-11-10 10:00:00'),
    (224, 12, '12栋202', 2, 108.50, 'VACANT', '唐心婷', '17617614324', '2024-11-11 10:00:00', '2024-11-11 10:00:00'),
    (225, 12, '12栋301', 3, 108.50, 'VACANT', '许彦', '19917622243', '2024-11-12 10:00:00', '2024-11-12 10:00:00'),
    (226, 12, '12栋302', 3, 86.00, 'VACANT', '韩雅杰', '13917630162', '2024-11-13 10:00:00', '2024-11-13 10:00:00'),
    (227, 12, '12栋401', 4, 86.00, 'VACANT', '冯承涛', '13817638081', '2024-11-14 10:00:00', '2024-11-14 10:00:00'),
    (228, 12, '12栋402', 4, 96.00, 'VACANT', '邓宇涵', '13717646000', '2024-11-15 10:00:00', '2024-11-15 10:00:00'),
    (229, 12, '12栋501', 5, 96.00, 'VACANT', '曹子辰', '13617653919', '2024-11-16 10:00:00', '2024-11-16 10:00:00'),
    (230, 12, '12栋502', 5, 108.50, 'VACANT', '彭文', '13517661838', '2024-11-17 10:00:00', '2024-11-17 10:00:00'),
    (231, 12, '12栋601', 6, 108.50, 'VACANT', '曾奕楠', '15917669757', '2024-11-18 10:00:00', '2024-11-18 10:00:00'),
    (232, 12, '12栋602', 6, 86.00, 'VACANT', '肖若杰', '15817677676', '2024-11-19 10:00:00', '2024-11-19 10:00:00'),
    (233, 12, '12栋701', 7, 86.00, 'VACANT', '田景涛', '15717685595', '2024-11-20 10:00:00', '2024-11-20 10:00:00'),
    (234, 12, '12栋702', 7, 96.00, 'VACANT', '董心涵', '18817693514', '2024-11-21 10:00:00', '2024-11-21 10:00:00'),
    (235, 12, '12栋801', 8, 96.00, 'VACANT', '袁彦', '18717701433', '2024-11-22 10:00:00', '2024-11-22 10:00:00'),
    (236, 12, '12栋802', 8, 108.50, 'VACANT', '潘雅婷', '18617709352', '2024-11-23 10:00:00', '2024-11-23 10:00:00'),
    (237, 12, '12栋901', 9, 108.50, 'VACANT', '于承楠', '17717717271', '2024-11-24 10:00:00', '2024-11-24 10:00:00'),
    (238, 12, '12栋902', 9, 86.00, 'VACANT', '蒋宇杰', '17617725190', '2024-11-25 10:00:00', '2024-11-25 10:00:00'),
    (239, 12, '12栋1001', 10, 86.00, 'VACANT', '蔡子涛', '19917733109', '2024-11-26 10:00:00', '2024-11-26 10:00:00'),
    (240, 12, '12栋1002', 10, 96.00, 'VACANT', '王文', '13917741028', '2024-11-27 10:00:00', '2024-11-27 10:00:00');

INSERT INTO residents (id, unit_id, name, phone, identity_no, resident_type, status, move_in_date, move_out_date, created_at, updated_at) VALUES
    (1, 1, '李奕辰', '17731686387', '330108199502021017', 'OWNER', 'ACTIVE', '2020-01-16', NULL, '2020-01-16 09:30:00', '2020-01-16 09:30:00'),
    (2, 1, '李奕涛', '18747524387', '330108201706091025', 'FAMILY', 'ACTIVE', '2020-02-06', NULL, '2020-02-06 10:00:00', '2020-02-06 10:00:00'),
    (3, 2, '张若婷', '17631694306', '330108199403031033', 'OWNER', 'ACTIVE', '2020-01-27', NULL, '2020-01-27 09:30:00', '2020-01-27 09:30:00'),
    (4, 2, '张若涵', '18647532306', '330108201607101048', 'FAMILY', 'ACTIVE', '2020-02-18', NULL, '2020-02-18 10:00:00', '2020-02-18 10:00:00'),
    (5, 3, '刘景楠', '19931702225', '33010819930404105X', 'OWNER', 'ACTIVE', '2020-02-07', NULL, '2020-02-07 09:30:00', '2020-02-07 09:30:00'),
    (6, 3, '刘景辰', '17747540225', '330108201508111064', 'FAMILY', 'ACTIVE', '2020-03-01', NULL, '2020-03-01 10:00:00', '2020-03-01 10:00:00'),
    (7, 4, '陈心杰', '13931710144', '330108199205051076', 'OWNER', 'ACTIVE', '2020-02-18', NULL, '2020-02-18 09:30:00', '2020-02-18 09:30:00'),
    (8, 4, '陈心婷', '17647548144', '330108201409121080', 'FAMILY', 'ACTIVE', '2020-03-13', NULL, '2020-03-13 10:00:00', '2020-03-13 10:00:00'),
    (9, 5, '杨彦', '13831718063', '330108199106061092', 'OWNER', 'ACTIVE', '2020-02-29', NULL, '2020-02-29 09:30:00', '2020-02-29 09:30:00'),
    (10, 5, '杨彦', '19947556063', '330108201310131107', 'FAMILY', 'ACTIVE', '2020-03-25', NULL, '2020-03-25 10:00:00', '2020-03-25 10:00:00'),
    (11, 6, '黄雅涵', '13731725982', '330108199007071113', 'OWNER', 'ACTIVE', '2020-03-11', NULL, '2020-03-11 09:30:00', '2020-03-11 09:30:00'),
    (12, 6, '黄雅杰', '13947563982', '330108201211141123', 'FAMILY', 'ACTIVE', '2020-04-06', NULL, '2020-04-06 10:00:00', '2020-04-06 10:00:00'),
    (13, 7, '赵承辰', '13631733901', '330108198908081138', 'OWNER', 'ACTIVE', '2020-03-22', NULL, '2020-03-22 09:30:00', '2020-03-22 09:30:00'),
    (14, 7, '赵承涛', '13847571901', '33010820111215114X', 'FAMILY', 'ACTIVE', '2020-04-18', NULL, '2020-04-18 10:00:00', '2020-04-18 10:00:00'),
    (15, 8, '周宇婷', '13531741820', '330108198809091154', 'OWNER', 'ACTIVE', '2020-04-02', NULL, '2020-04-02 09:30:00', '2020-04-02 09:30:00'),
    (16, 8, '周宇涵', '13747579820', '330108201001161169', 'FAMILY', 'ACTIVE', '2020-04-30', NULL, '2020-04-30 10:00:00', '2020-04-30 10:00:00'),
    (17, 9, '吴子楠', '15931749739', '330108198710101172', 'OWNER', 'ACTIVE', '2020-04-13', NULL, '2020-04-13 09:30:00', '2020-04-13 09:30:00'),
    (18, 9, '吴子辰', '13647587739', '330108200902171183', 'FAMILY', 'MOVED_OUT', '2020-05-12', '2021-02-05', '2020-05-12 10:00:00', '2021-02-05 16:00:00'),
    (19, 10, '徐文', '15831757658', '330108198611111199', 'OWNER', 'ACTIVE', '2020-04-24', NULL, '2020-04-24 09:30:00', '2020-04-24 09:30:00'),
    (20, 10, '徐文', '13547595658', '330108200803181204', 'FAMILY', 'MOVED_OUT', '2020-05-24', '2021-02-18', '2020-05-24 10:00:00', '2021-02-18 16:00:00'),
    (21, 11, '孙奕涛', '15731765577', '33010819851212121X', 'OWNER', 'ACTIVE', '2020-05-05', NULL, '2020-05-05 09:30:00', '2020-05-05 09:30:00'),
    (22, 11, '孙奕楠', '15947603577', '330108200704191220', 'FAMILY', 'MOVED_OUT', '2020-06-05', '2021-03-03', '2020-06-05 10:00:00', '2021-03-03 16:00:00'),
    (23, 12, '朱若涵', '18831773496', '330108198401131239', 'OWNER', 'ACTIVE', '2020-05-16', NULL, '2020-05-16 09:30:00', '2020-05-16 09:30:00'),
    (24, 12, '朱若杰', '15847611496', '330108200605201243', 'FAMILY', 'MOVED_OUT', '2020-06-17', '2021-03-16', '2020-06-17 10:00:00', '2021-03-16 16:00:00'),
    (25, 13, '马景辰', '18731781415', '330108198302141255', 'OWNER', 'ACTIVE', '2020-05-27', NULL, '2020-05-27 09:30:00', '2020-05-27 09:30:00'),
    (26, 13, '马景涛', '15747619415', '33010820050621126X', 'FAMILY', 'MOVED_OUT', '2020-06-29', '2021-03-29', '2020-06-29 10:00:00', '2021-03-29 16:00:00'),
    (27, 14, '胡心婷', '18631789334', '330108198203151271', 'OWNER', 'ACTIVE', '2020-06-07', NULL, '2020-06-07 09:30:00', '2020-06-07 09:30:00'),
    (28, 14, '胡心涵', '18847627334', '330108200407221286', 'FAMILY', 'MOVED_OUT', '2020-07-11', '2021-04-11', '2020-07-11 10:00:00', '2021-04-11 16:00:00'),
    (29, 15, '郭彦', '17731797253', '330108198104161298', 'OWNER', 'ACTIVE', '2020-06-18', NULL, '2020-06-18 09:30:00', '2020-06-18 09:30:00'),
    (30, 15, '郭彦', '18747635253', '330108200308231307', 'FAMILY', 'MOVED_OUT', '2020-07-23', '2021-04-24', '2020-07-23 10:00:00', '2021-04-24 16:00:00'),
    (31, 16, '何雅杰', '17631805172', '330108198005171319', 'OWNER', 'ACTIVE', '2020-06-29', NULL, '2020-06-29 09:30:00', '2020-06-29 09:30:00'),
    (32, 16, '何雅婷', '18647643172', '330108200209241323', 'FAMILY', 'MOVED_OUT', '2020-08-04', '2021-05-07', '2020-08-04 10:00:00', '2021-05-07 16:00:00'),
    (33, 17, '高承涛', '19931813091', '330108197906181333', 'OWNER', 'ACTIVE', '2020-07-10', NULL, '2020-07-10 09:30:00', '2020-07-10 09:30:00'),
    (34, 17, '高承楠', '17747651091', '330108200110251345', 'FAMILY', 'MOVED_OUT', '2020-08-16', '2021-05-20', '2020-08-16 10:00:00', '2021-05-20 16:00:00'),
    (35, 18, '林宇涵', '13931821010', '33010819780719135X', 'OWNER', 'ACTIVE', '2020-07-21', NULL, '2020-07-21 09:30:00', '2020-07-21 09:30:00'),
    (36, 18, '林宇杰', '17647659010', '330108200011261361', 'FAMILY', 'MOVED_OUT', '2020-08-28', '2021-06-02', '2020-08-28 10:00:00', '2021-06-02 16:00:00'),
    (37, 19, '罗子辰', '13831828929', '330108197708201372', 'OWNER', 'ACTIVE', '2020-08-01', NULL, '2020-08-01 09:30:00', '2020-08-01 09:30:00'),
    (38, 19, '罗子涛', '19947666929', '330108199912271385', 'FAMILY', 'MOVED_OUT', '2020-09-09', '2021-06-15', '2020-09-09 10:00:00', '2021-06-15 16:00:00'),
    (39, 20, '郑文', '13731836848', '330108197609211399', 'OWNER', 'ACTIVE', '2020-08-12', NULL, '2020-08-12 09:30:00', '2020-08-12 09:30:00'),
    (40, 20, '郑文', '13947674848', '330108199801011409', 'FAMILY', 'MOVED_OUT', '2020-09-21', '2021-06-28', '2020-09-21 10:00:00', '2021-06-28 16:00:00'),
    (41, 21, '梁奕楠', '13631844767', '330108197510221415', 'OWNER', 'ACTIVE', '2020-08-23', NULL, '2020-08-23 09:30:00', '2020-08-23 09:30:00'),
    (42, 21, '梁奕辰', '13847682767', '330108199702021425', 'FAMILY', 'MOVED_OUT', '2020-10-03', '2021-07-11', '2020-10-03 10:00:00', '2021-07-11 16:00:00'),
    (43, 22, '谢若杰', '13531852686', '330108197411231431', 'OWNER', 'ACTIVE', '2020-09-03', NULL, '2020-09-03 09:30:00', '2020-09-03 09:30:00'),
    (44, 22, '谢若婷', '13747690686', '330108199603031441', 'FAMILY', 'MOVED_OUT', '2020-10-15', '2021-07-24', '2020-10-15 10:00:00', '2021-07-24 16:00:00'),
    (45, 23, '宋景涛', '15931860605', '330108197312241458', 'OWNER', 'ACTIVE', '2020-09-14', NULL, '2020-09-14 09:30:00', '2020-09-14 09:30:00'),
    (46, 23, '宋景楠', '13647698605', '330108199504041468', 'FAMILY', 'MOVED_OUT', '2020-10-27', '2021-08-06', '2020-10-27 10:00:00', '2021-08-06 16:00:00'),
    (47, 24, '唐心涵', '15831868524', '330108197201251477', 'OWNER', 'ACTIVE', '2020-09-25', NULL, '2020-09-25 09:30:00', '2020-09-25 09:30:00'),
    (48, 24, '唐心杰', '13547706524', '330108199405051484', 'FAMILY', 'MOVED_OUT', '2020-11-08', '2021-08-19', '2020-11-08 10:00:00', '2021-08-19 16:00:00'),
    (49, 25, '许彦', '15731876443', '330108197102261493', 'OWNER', 'ACTIVE', '2020-10-06', NULL, '2020-10-06 09:30:00', '2020-10-06 09:30:00'),
    (50, 25, '许彦', '15947714443', '330108199306061505', 'FAMILY', 'MOVED_OUT', '2020-11-20', '2021-09-01', '2020-11-20 10:00:00', '2021-09-01 16:00:00'),
    (51, 26, '韩雅婷', '18831884362', '330108197003271514', 'OWNER', 'ACTIVE', '2020-10-17', NULL, '2020-10-17 09:30:00', '2020-10-17 09:30:00'),
    (52, 26, '韩雅涵', '15847722362', '330108199207071521', 'FAMILY', 'MOVED_OUT', '2020-12-02', '2021-09-14', '2020-12-02 10:00:00', '2021-09-14 16:00:00'),
    (53, 27, '冯承楠', '18731892281', '330108196904011539', 'OWNER', 'ACTIVE', '2020-10-28', NULL, '2020-10-28 09:30:00', '2020-10-28 09:30:00'),
    (54, 27, '冯承辰', '15747730281', '330108199108081548', 'FAMILY', 'MOVED_OUT', '2020-12-14', '2021-09-27', '2020-12-14 10:00:00', '2021-09-27 16:00:00'),
    (55, 28, '邓宇杰', '18631900200', '330108196805021555', 'OWNER', 'ACTIVE', '2020-11-08', NULL, '2020-11-08 09:30:00', '2020-11-08 09:30:00'),
    (56, 28, '邓宇婷', '18847738200', '330108201809091562', 'FAMILY', 'MOVED_OUT', '2020-12-26', '2021-10-10', '2020-12-26 10:00:00', '2021-10-10 16:00:00'),
    (57, 29, '曹子涛', '17731908119', '330108196706031571', 'OWNER', 'ACTIVE', '2020-11-19', NULL, '2020-11-19 09:30:00', '2020-11-19 09:30:00'),
    (58, 29, '曹子楠', '18747746119', '330108201710101580', 'FAMILY', 'ACTIVE', '2021-01-07', NULL, '2021-01-07 10:00:00', '2021-01-07 10:00:00'),
    (59, 30, '彭文', '17631916038', '330108196607041598', 'OWNER', 'ACTIVE', '2020-11-30', NULL, '2020-11-30 09:30:00', '2020-11-30 09:30:00'),
    (60, 30, '彭文', '18647754038', '330108201611111601', 'FAMILY', 'ACTIVE', '2021-01-19', NULL, '2021-01-19 10:00:00', '2021-01-19 10:00:00'),
    (61, 31, '曾奕辰', '19931923957', '330108196508051619', 'OWNER', 'ACTIVE', '2020-12-11', NULL, '2020-12-11 09:30:00', '2020-12-11 09:30:00'),
    (62, 31, '曾奕涛', '17747761957', '330108201512121628', 'FAMILY', 'ACTIVE', '2021-01-31', NULL, '2021-01-31 10:00:00', '2021-01-31 10:00:00'),
    (63, 32, '肖若婷', '13931931876', '330108199609061633', 'OWNER', 'ACTIVE', '2020-12-22', NULL, '2020-12-22 09:30:00', '2020-12-22 09:30:00'),
    (64, 32, '肖若涵', '17647769876', '330108201401131647', 'FAMILY', 'ACTIVE', '2021-02-12', NULL, '2021-02-12 10:00:00', '2021-02-12 10:00:00'),
    (65, 33, '田景楠', '13831939795', '330108199510071655', 'OWNER', 'ACTIVE', '2021-01-02', NULL, '2021-01-02 09:30:00', '2021-01-02 09:30:00'),
    (66, 33, '田景辰', '19947777795', '330108201302141663', 'FAMILY', 'ACTIVE', '2021-02-24', NULL, '2021-02-24 10:00:00', '2021-02-24 10:00:00'),
    (67, 34, '董心杰', '13731947714', '330108199411081671', 'OWNER', 'ACTIVE', '2021-01-13', NULL, '2021-01-13 09:30:00', '2021-01-13 09:30:00'),
    (68, 34, '董心婷', '13947785714', '33010820120315168X', 'FAMILY', 'ACTIVE', '2021-03-08', NULL, '2021-03-08 10:00:00', '2021-03-08 10:00:00'),
    (69, 35, '袁彦', '13631955633', '330108199312091698', 'OWNER', 'ACTIVE', '2021-01-24', NULL, '2021-01-24 09:30:00', '2021-01-24 09:30:00'),
    (70, 35, '袁彦', '13847793633', '330108201104161700', 'FAMILY', 'ACTIVE', '2021-03-20', NULL, '2021-03-20 10:00:00', '2021-03-20 10:00:00'),
    (71, 36, '潘雅涵', '13531963552', '330108199201101718', 'OWNER', 'ACTIVE', '2021-02-04', NULL, '2021-02-04 09:30:00', '2021-02-04 09:30:00'),
    (72, 36, '潘雅杰', '13747801552', '330108201005171727', 'FAMILY', 'ACTIVE', '2021-04-01', NULL, '2021-04-01 10:00:00', '2021-04-01 10:00:00'),
    (73, 37, '于承辰', '15931971471', '330108199102111734', 'OWNER', 'ACTIVE', '2021-02-15', NULL, '2021-02-15 09:30:00', '2021-02-15 09:30:00'),
    (74, 37, '于承涛', '13647809471', '330108200906181741', 'FAMILY', 'ACTIVE', '2021-04-13', NULL, '2021-04-13 10:00:00', '2021-04-13 10:00:00'),
    (75, 38, '蒋宇婷', '15831979390', '330108199003121750', 'OWNER', 'ACTIVE', '2021-02-26', NULL, '2021-02-26 09:30:00', '2021-02-26 09:30:00'),
    (76, 38, '蒋宇涵', '13547817390', '330108200807191768', 'FAMILY', 'ACTIVE', '2021-04-25', NULL, '2021-04-25 10:00:00', '2021-04-25 10:00:00'),
    (77, 39, '蔡子楠', '15731987309', '330108198904131775', 'OWNER', 'ACTIVE', '2021-03-09', NULL, '2021-03-09 09:30:00', '2021-03-09 09:30:00'),
    (78, 39, '蔡子辰', '15947825309', '330108200708201780', 'FAMILY', 'ACTIVE', '2021-05-07', NULL, '2021-05-07 10:00:00', '2021-05-07 10:00:00'),
    (79, 40, '王文', '18831995228', '330108198805141791', 'OWNER', 'ACTIVE', '2021-03-20', NULL, '2021-03-20 09:30:00', '2021-03-20 09:30:00'),
    (80, 40, '王文', '15847833228', '330108200609211801', 'FAMILY', 'ACTIVE', '2021-05-19', NULL, '2021-05-19 10:00:00', '2021-05-19 10:00:00'),
    (81, 41, '李奕涛', '18732003147', '330108198706151812', 'OWNER', 'ACTIVE', '2021-03-31', NULL, '2021-03-31 09:30:00', '2021-03-31 09:30:00'),
    (82, 41, '李奕楠', '15747841147', '330108200510221823', 'FAMILY', 'ACTIVE', '2021-05-31', NULL, '2021-05-31 10:00:00', '2021-05-31 10:00:00'),
    (83, 42, '张若涵', '18632011066', '330108198607161839', 'OWNER', 'ACTIVE', '2021-04-11', NULL, '2021-04-11 09:30:00', '2021-04-11 09:30:00'),
    (84, 42, '张若杰', '18847849066', '33010820041123184X', 'FAMILY', 'ACTIVE', '2021-06-12', NULL, '2021-06-12 10:00:00', '2021-06-12 10:00:00'),
    (85, 43, '刘景辰', '17732018985', '330108198508171855', 'OWNER', 'ACTIVE', '2021-04-22', NULL, '2021-04-22 09:30:00', '2021-04-22 09:30:00'),
    (86, 43, '刘景涛', '18747856985', '330108200312241866', 'FAMILY', 'ACTIVE', '2021-06-24', NULL, '2021-06-24 10:00:00', '2021-06-24 10:00:00'),
    (87, 44, '陈心婷', '17632026904', '330108198409181871', 'OWNER', 'ACTIVE', '2021-05-03', NULL, '2021-05-03 09:30:00', '2021-05-03 09:30:00'),
    (88, 44, '陈心涵', '18647864904', '330108200201251885', 'FAMILY', 'ACTIVE', '2021-07-06', NULL, '2021-07-06 10:00:00', '2021-07-06 10:00:00'),
    (89, 45, '杨彦', '19932034823', '330108198310191893', 'OWNER', 'ACTIVE', '2021-05-14', NULL, '2021-05-14 09:30:00', '2021-05-14 09:30:00'),
    (90, 45, '杨彦', '17747872823', '330108200102261906', 'FAMILY', 'ACTIVE', '2021-07-18', NULL, '2021-07-18 10:00:00', '2021-07-18 10:00:00'),
    (91, 46, '黄雅杰', '13932042742', '330108198211201910', 'OWNER', 'ACTIVE', '2021-05-25', NULL, '2021-05-25 09:30:00', '2021-05-25 09:30:00'),
    (92, 46, '黄雅婷', '17647880742', '330108200003271922', 'FAMILY', 'ACTIVE', '2021-07-30', NULL, '2021-07-30 10:00:00', '2021-07-30 10:00:00'),
    (93, 47, '赵承涛', '13832050661', '330108198112211937', 'OWNER', 'ACTIVE', '2021-06-05', NULL, '2021-06-05 09:30:00', '2021-06-05 09:30:00'),
    (94, 47, '赵承楠', '19947888661', '330108199904011946', 'FAMILY', 'ACTIVE', '2021-08-11', NULL, '2021-08-11 10:00:00', '2021-08-11 10:00:00'),
    (95, 48, '周宇涵', '13732058580', '330108198001221956', 'OWNER', 'ACTIVE', '2021-06-16', NULL, '2021-06-16 09:30:00', '2021-06-16 09:30:00'),
    (96, 48, '周宇杰', '13947896580', '330108199805021962', 'FAMILY', 'ACTIVE', '2021-08-23', NULL, '2021-08-23 10:00:00', '2021-08-23 10:00:00'),
    (97, 49, '吴子辰', '13632066499', '330108197902231970', 'OWNER', 'ACTIVE', '2021-06-27', NULL, '2021-06-27 09:30:00', '2021-06-27 09:30:00'),
    (98, 49, '吴子涛', '13847904499', '330108199706031989', 'FAMILY', 'ACTIVE', '2021-09-04', NULL, '2021-09-04 10:00:00', '2021-09-04 10:00:00'),
    (99, 50, '徐文', '13532074418', '330108197803241997', 'OWNER', 'ACTIVE', '2021-07-08', NULL, '2021-07-08 09:30:00', '2021-07-08 09:30:00'),
    (100, 50, '徐文', '13747912418', '330108199607042009', 'FAMILY', 'ACTIVE', '2021-09-16', NULL, '2021-09-16 10:00:00', '2021-09-16 10:00:00'),
    (101, 51, '孙奕楠', '15932082337', '330108197704252017', 'OWNER', 'ACTIVE', '2021-07-19', NULL, '2021-07-19 09:30:00', '2021-07-19 09:30:00'),
    (102, 51, '孙奕辰', '13647920337', '330108199508052025', 'FAMILY', 'ACTIVE', '2021-09-28', NULL, '2021-09-28 10:00:00', '2021-09-28 10:00:00'),
    (103, 52, '朱若杰', '15832090256', '330108197605262033', 'OWNER', 'ACTIVE', '2021-07-30', NULL, '2021-07-30 09:30:00', '2021-07-30 09:30:00'),
    (104, 52, '朱若婷', '13547928256', '330108199409062041', 'FAMILY', 'ACTIVE', '2021-10-10', NULL, '2021-10-10 10:00:00', '2021-10-10 10:00:00'),
    (105, 53, '马景涛', '15732098175', '33010819750627205X', 'OWNER', 'ACTIVE', '2021-08-10', NULL, '2021-08-10 09:30:00', '2021-08-10 09:30:00'),
    (106, 53, '马景楠', '15947936175', '330108199310072063', 'FAMILY', 'ACTIVE', '2021-10-22', NULL, '2021-10-22 10:00:00', '2021-10-22 10:00:00'),
    (107, 54, '胡心涵', '18832106094', '330108197407012076', 'OWNER', 'ACTIVE', '2021-08-21', NULL, '2021-08-21 09:30:00', '2021-08-21 09:30:00'),
    (108, 54, '胡心杰', '15847944094', '33010819921108208X', 'FAMILY', 'ACTIVE', '2021-11-03', NULL, '2021-11-03 10:00:00', '2021-11-03 10:00:00'),
    (109, 55, '郭彦', '18732114013', '330108197308022092', 'OWNER', 'ACTIVE', '2021-09-01', NULL, '2021-09-01 09:30:00', '2021-09-01 09:30:00'),
    (110, 55, '郭彦', '15747952013', '330108199112092100', 'FAMILY', 'ACTIVE', '2021-11-15', NULL, '2021-11-15 10:00:00', '2021-11-15 10:00:00'),
    (111, 56, '何雅婷', '18632121932', '330108197209032113', 'OWNER', 'ACTIVE', '2021-09-12', NULL, '2021-09-12 09:30:00', '2021-09-12 09:30:00'),
    (112, 56, '何雅涵', '18847959932', '330108201801102124', 'FAMILY', 'ACTIVE', '2021-11-27', NULL, '2021-11-27 10:00:00', '2021-11-27 10:00:00'),
    (113, 57, '高承楠', '17732129851', '330108197110042135', 'OWNER', 'ACTIVE', '2021-09-23', NULL, '2021-09-23 09:30:00', '2021-09-23 09:30:00'),
    (114, 57, '高承辰', '18747967851', '330108201702112140', 'FAMILY', 'ACTIVE', '2021-12-09', NULL, '2021-12-09 10:00:00', '2021-12-09 10:00:00'),
    (115, 58, '林宇杰', '17632137770', '330108197011052151', 'OWNER', 'ACTIVE', '2021-10-04', NULL, '2021-10-04 09:30:00', '2021-10-04 09:30:00'),
    (116, 58, '林宇婷', '18647975770', '330108201603122167', 'FAMILY', 'ACTIVE', '2021-12-21', NULL, '2021-12-21 10:00:00', '2021-12-21 10:00:00'),
    (117, 59, '罗子涛', '19932145689', '330108196912062176', 'OWNER', 'ACTIVE', '2021-10-15', NULL, '2021-10-15 09:30:00', '2021-10-15 09:30:00'),
    (118, 59, '罗子楠', '17747983689', '330108201504132183', 'FAMILY', 'ACTIVE', '2022-01-02', NULL, '2022-01-02 10:00:00', '2022-01-02 10:00:00'),
    (119, 60, '郑文', '13932153608', '330108196801072195', 'OWNER', 'ACTIVE', '2021-10-26', NULL, '2021-10-26 09:30:00', '2021-10-26 09:30:00'),
    (120, 60, '郑文', '17647991608', '330108201405142204', 'FAMILY', 'ACTIVE', '2021-11-15', NULL, '2021-11-15 10:00:00', '2021-11-15 10:00:00');
INSERT INTO residents (id, unit_id, name, phone, identity_no, resident_type, status, move_in_date, move_out_date, created_at, updated_at) VALUES
    (121, 61, '梁奕辰', '13832161527', '330108196702082216', 'OWNER', 'ACTIVE', '2021-11-06', NULL, '2021-11-06 09:30:00', '2021-11-06 09:30:00'),
    (122, 61, '梁奕涛', '19947999527', '330108201306152220', 'FAMILY', 'ACTIVE', '2021-11-27', NULL, '2021-11-27 10:00:00', '2021-11-27 10:00:00'),
    (123, 62, '谢若婷', '13732169446', '330108196603092232', 'OWNER', 'ACTIVE', '2021-11-17', NULL, '2021-11-17 09:30:00', '2021-11-17 09:30:00'),
    (124, 62, '谢若涵', '13948007446', '330108201207162247', 'FAMILY', 'ACTIVE', '2021-12-09', NULL, '2021-12-09 10:00:00', '2021-12-09 10:00:00'),
    (125, 63, '宋景楠', '13632177365', '330108196504102255', 'OWNER', 'ACTIVE', '2021-11-28', NULL, '2021-11-28 09:30:00', '2021-11-28 09:30:00'),
    (126, 63, '宋景辰', '13848015365', '330108201108172263', 'FAMILY', 'ACTIVE', '2021-12-21', NULL, '2021-12-21 10:00:00', '2021-12-21 10:00:00'),
    (127, 64, '唐心杰', '13532185284', '33010819960511227X', 'OWNER', 'ACTIVE', '2021-12-09', NULL, '2021-12-09 09:30:00', '2021-12-09 09:30:00'),
    (128, 64, '唐心婷', '13748023284', '33010820100918228X', 'FAMILY', 'ACTIVE', '2022-01-02', NULL, '2022-01-02 10:00:00', '2022-01-02 10:00:00'),
    (129, 65, '许彦', '15932193203', '330108199506122296', 'OWNER', 'ACTIVE', '2021-12-20', NULL, '2021-12-20 09:30:00', '2021-12-20 09:30:00'),
    (130, 65, '许彦', '13648031203', '330108200910192304', 'FAMILY', 'ACTIVE', '2022-01-14', NULL, '2022-01-14 10:00:00', '2022-01-14 10:00:00'),
    (131, 66, '韩雅涵', '15832201122', '330108199407132317', 'OWNER', 'ACTIVE', '2021-12-31', NULL, '2021-12-31 09:30:00', '2021-12-31 09:30:00'),
    (132, 66, '韩雅杰', '13548039122', '330108200811202327', 'FAMILY', 'ACTIVE', '2022-01-26', NULL, '2022-01-26 10:00:00', '2022-01-26 10:00:00'),
    (133, 67, '冯承辰', '15732209041', '330108199308142333', 'OWNER', 'ACTIVE', '2022-01-11', NULL, '2022-01-11 09:30:00', '2022-01-11 09:30:00'),
    (134, 67, '冯承涛', '15948047041', '330108200712212343', 'FAMILY', 'ACTIVE', '2022-02-07', NULL, '2022-02-07 10:00:00', '2022-02-07 10:00:00'),
    (135, 68, '邓宇婷', '18832216960', '33010819920915235X', 'OWNER', 'ACTIVE', '2022-01-22', NULL, '2022-01-22 09:30:00', '2022-01-22 09:30:00'),
    (136, 68, '邓宇涵', '15848054960', '330108200601222362', 'FAMILY', 'ACTIVE', '2022-02-19', NULL, '2022-02-19 10:00:00', '2022-02-19 10:00:00'),
    (137, 69, '曹子楠', '18732224879', '330108199110162371', 'OWNER', 'ACTIVE', '2022-02-02', NULL, '2022-02-02 09:30:00', '2022-02-02 09:30:00'),
    (138, 69, '曹子辰', '15748062879', '330108200502232389', 'FAMILY', 'ACTIVE', '2022-03-03', NULL, '2022-03-03 10:00:00', '2022-03-03 10:00:00'),
    (139, 70, '彭文', '18632232798', '330108199011172398', 'OWNER', 'ACTIVE', '2022-02-13', NULL, '2022-02-13 09:30:00', '2022-02-13 09:30:00'),
    (140, 70, '彭文', '18848070798', '33010820040324240X', 'FAMILY', 'ACTIVE', '2022-03-15', NULL, '2022-03-15 10:00:00', '2022-03-15 10:00:00'),
    (141, 71, '曾奕涛', '17732240717', '330108198912182417', 'OWNER', 'ACTIVE', '2022-02-24', NULL, '2022-02-24 09:30:00', '2022-02-24 09:30:00'),
    (142, 71, '曾奕楠', '18748078717', '330108200304252426', 'FAMILY', 'ACTIVE', '2022-03-27', NULL, '2022-03-27 10:00:00', '2022-03-27 10:00:00'),
    (143, 72, '肖若涵', '17632248636', '330108198801192436', 'OWNER', 'ACTIVE', '2022-03-07', NULL, '2022-03-07 09:30:00', '2022-03-07 09:30:00'),
    (144, 72, '肖若杰', '18648086636', '330108200205262442', 'FAMILY', 'ACTIVE', '2022-04-08', NULL, '2022-04-08 10:00:00', '2022-04-08 10:00:00'),
    (145, 73, '田景辰', '19932256555', '330108198702202459', 'OWNER', 'ACTIVE', '2022-03-18', NULL, '2022-03-18 09:30:00', '2022-03-18 09:30:00'),
    (146, 73, '田景涛', '17748094555', '330108200106272469', 'FAMILY', 'ACTIVE', '2022-04-20', NULL, '2022-04-20 10:00:00', '2022-04-20 10:00:00'),
    (147, 74, '董心婷', '13932264474', '330108198603212475', 'OWNER', 'ACTIVE', '2022-03-29', NULL, '2022-03-29 09:30:00', '2022-03-29 09:30:00'),
    (148, 74, '董心涵', '17648102474', '330108200007012485', 'FAMILY', 'ACTIVE', '2022-05-02', NULL, '2022-05-02 10:00:00', '2022-05-02 10:00:00'),
    (149, 75, '袁彦', '13832272393', '330108198504222491', 'OWNER', 'ACTIVE', '2022-04-09', NULL, '2022-04-09 09:30:00', '2022-04-09 09:30:00'),
    (150, 75, '袁彦', '19948110393', '330108199908022503', 'FAMILY', 'ACTIVE', '2022-05-14', NULL, '2022-05-14 10:00:00', '2022-05-14 10:00:00'),
    (151, 76, '潘雅杰', '13732280312', '330108198405232512', 'OWNER', 'ACTIVE', '2022-04-20', NULL, '2022-04-20 09:30:00', '2022-04-20 09:30:00'),
    (152, 76, '潘雅婷', '13948118312', '33010819980903252X', 'FAMILY', 'ACTIVE', '2022-05-26', NULL, '2022-05-26 10:00:00', '2022-05-26 10:00:00'),
    (153, 77, '于承涛', '13632288231', '330108198306242539', 'OWNER', 'ACTIVE', '2022-05-01', NULL, '2022-05-01 09:30:00', '2022-05-01 09:30:00'),
    (154, 77, '于承楠', '13848126231', '330108199710042541', 'FAMILY', 'ACTIVE', '2022-06-07', NULL, '2022-06-07 10:00:00', '2022-06-07 10:00:00'),
    (155, 78, '蒋宇涵', '13532296150', '330108198207252555', 'OWNER', 'ACTIVE', '2022-05-12', NULL, '2022-05-12 09:30:00', '2022-05-12 09:30:00'),
    (156, 78, '蒋宇杰', '13748134150', '330108199611052568', 'FAMILY', 'ACTIVE', '2022-06-19', NULL, '2022-06-19 10:00:00', '2022-06-19 10:00:00'),
    (157, 79, '蔡子辰', '15932304069', '330108198108262571', 'OWNER', 'ACTIVE', '2022-05-23', NULL, '2022-05-23 09:30:00', '2022-05-23 09:30:00'),
    (158, 79, '蔡子涛', '13648142069', '330108199512062584', 'FAMILY', 'ACTIVE', '2022-07-01', NULL, '2022-07-01 10:00:00', '2022-07-01 10:00:00'),
    (159, 80, '王文', '15832311988', '330108198009272598', 'OWNER', 'ACTIVE', '2022-06-03', NULL, '2022-06-03 09:30:00', '2022-06-03 09:30:00'),
    (160, 80, '王文', '13548149988', '330108199401072608', 'FAMILY', 'ACTIVE', '2022-07-13', NULL, '2022-07-13 10:00:00', '2022-07-13 10:00:00'),
    (161, 81, '李奕楠', '15732319907', '330108197910012612', 'OWNER', 'ACTIVE', '2022-06-14', NULL, '2022-06-14 09:30:00', '2022-06-14 09:30:00'),
    (162, 81, '李奕辰', '15948157907', '330108199302082624', 'FAMILY', 'ACTIVE', '2022-07-25', NULL, '2022-07-25 10:00:00', '2022-07-25 10:00:00'),
    (163, 82, '张若杰', '18832327826', '330108197811022639', 'OWNER', 'ACTIVE', '2022-06-25', NULL, '2022-06-25 09:30:00', '2022-06-25 09:30:00'),
    (164, 82, '张若婷', '15848165826', '330108199203092640', 'FAMILY', 'ACTIVE', '2022-08-06', NULL, '2022-08-06 10:00:00', '2022-08-06 10:00:00'),
    (165, 83, '刘景涛', '18732335745', '330108197712032655', 'OWNER', 'ACTIVE', '2022-07-06', NULL, '2022-07-06 09:30:00', '2022-07-06 09:30:00'),
    (166, 83, '刘景楠', '15748173745', '330108199104102663', 'FAMILY', 'ACTIVE', '2022-08-18', NULL, '2022-08-18 10:00:00', '2022-08-18 10:00:00'),
    (167, 84, '陈心涵', '18632343664', '330108197601042674', 'OWNER', 'ACTIVE', '2022-07-17', NULL, '2022-07-17 09:30:00', '2022-07-17 09:30:00'),
    (168, 84, '陈心杰', '18848181664', '330108201805112688', 'FAMILY', 'ACTIVE', '2022-08-30', NULL, '2022-08-30 10:00:00', '2022-08-30 10:00:00'),
    (169, 85, '杨彦', '17732351583', '330108197502052690', 'OWNER', 'ACTIVE', '2022-07-28', NULL, '2022-07-28 09:30:00', '2022-07-28 09:30:00'),
    (170, 85, '杨彦', '18748189583', '330108201706122709', 'FAMILY', 'ACTIVE', '2022-09-11', NULL, '2022-09-11 10:00:00', '2022-09-11 10:00:00'),
    (171, 86, '黄雅婷', '17632359502', '330108197403062711', 'OWNER', 'ACTIVE', '2022-08-08', NULL, '2022-08-08 09:30:00', '2022-08-08 09:30:00'),
    (172, 86, '黄雅涵', '18648197502', '330108201607132725', 'FAMILY', 'ACTIVE', '2022-09-23', NULL, '2022-09-23 10:00:00', '2022-09-23 10:00:00'),
    (173, 87, '赵承楠', '19932367421', '330108197304072738', 'OWNER', 'ACTIVE', '2022-08-19', NULL, '2022-08-19 09:30:00', '2022-08-19 09:30:00'),
    (174, 87, '赵承辰', '17748205421', '330108201508142741', 'FAMILY', 'ACTIVE', '2022-10-05', NULL, '2022-10-05 10:00:00', '2022-10-05 10:00:00'),
    (175, 88, '周宇杰', '13932375340', '330108197205082754', 'OWNER', 'ACTIVE', '2022-08-30', NULL, '2022-08-30 09:30:00', '2022-08-30 09:30:00'),
    (176, 88, '周宇婷', '17648213340', '330108201409152768', 'FAMILY', 'ACTIVE', '2022-10-17', NULL, '2022-10-17 10:00:00', '2022-10-17 10:00:00'),
    (177, 89, '吴子涛', '13832383259', '330108197106092770', 'OWNER', 'ACTIVE', '2022-09-10', NULL, '2022-09-10 09:30:00', '2022-09-10 09:30:00'),
    (178, 89, '吴子楠', '19948221259', '33010820131016278X', 'FAMILY', 'ACTIVE', '2022-10-29', NULL, '2022-10-29 10:00:00', '2022-10-29 10:00:00'),
    (179, 90, '徐文', '13732391178', '330108197007102793', 'OWNER', 'ACTIVE', '2022-09-21', NULL, '2022-09-21 09:30:00', '2022-09-21 09:30:00'),
    (180, 90, '徐文', '13948229178', '330108201211172800', 'FAMILY', 'ACTIVE', '2022-11-10', NULL, '2022-11-10 10:00:00', '2022-11-10 10:00:00'),
    (181, 91, '孙奕辰', '13632399097', '330108196908112812', 'OWNER', 'ACTIVE', '2022-10-02', NULL, '2022-10-02 09:30:00', '2022-10-02 09:30:00'),
    (182, 91, '孙奕涛', '13848237097', '330108201112182827', 'FAMILY', 'ACTIVE', '2022-11-22', NULL, '2022-11-22 10:00:00', '2022-11-22 10:00:00'),
    (183, 92, '朱若婷', '13532407016', '330108196809122839', 'OWNER', 'ACTIVE', '2022-10-13', NULL, '2022-10-13 09:30:00', '2022-10-13 09:30:00'),
    (184, 92, '朱若涵', '13748245016', '330108201001192846', 'FAMILY', 'ACTIVE', '2022-12-04', NULL, '2022-12-04 10:00:00', '2022-12-04 10:00:00'),
    (185, 93, '马景楠', '15932414935', '330108196710132850', 'OWNER', 'ACTIVE', '2022-10-24', NULL, '2022-10-24 09:30:00', '2022-10-24 09:30:00'),
    (186, 93, '马景辰', '13648252935', '330108200902202867', 'FAMILY', 'ACTIVE', '2022-12-16', NULL, '2022-12-16 10:00:00', '2022-12-16 10:00:00'),
    (187, 94, '胡心杰', '15832422854', '330108196611142877', 'OWNER', 'ACTIVE', '2022-11-04', NULL, '2022-11-04 09:30:00', '2022-11-04 09:30:00'),
    (188, 94, '胡心婷', '13548260854', '330108200803212883', 'FAMILY', 'ACTIVE', '2022-12-28', NULL, '2022-12-28 10:00:00', '2022-12-28 10:00:00'),
    (189, 95, '郭彦', '15732430773', '330108196512152893', 'OWNER', 'ACTIVE', '2022-11-15', NULL, '2022-11-15 09:30:00', '2022-11-15 09:30:00'),
    (190, 95, '郭彦', '15948268773', '330108200704222904', 'FAMILY', 'ACTIVE', '2023-01-09', NULL, '2023-01-09 10:00:00', '2023-01-09 10:00:00'),
    (191, 96, '何雅涵', '18832438692', '330108199601162915', 'OWNER', 'ACTIVE', '2022-11-26', NULL, '2022-11-26 09:30:00', '2022-11-26 09:30:00'),
    (192, 96, '何雅杰', '15848276692', '330108200605232920', 'FAMILY', 'ACTIVE', '2023-01-21', NULL, '2023-01-21 10:00:00', '2023-01-21 10:00:00'),
    (193, 97, '高承辰', '18732446611', '330108199502172931', 'OWNER', 'ACTIVE', '2022-12-07', NULL, '2022-12-07 09:30:00', '2022-12-07 09:30:00'),
    (194, 97, '高承涛', '15748284611', '330108200506242947', 'FAMILY', 'ACTIVE', '2023-02-02', NULL, '2023-02-02 10:00:00', '2023-02-02 10:00:00'),
    (195, 98, '林宇婷', '18632454530', '330108199403182958', 'OWNER', 'ACTIVE', '2022-12-18', NULL, '2022-12-18 09:30:00', '2022-12-18 09:30:00'),
    (196, 98, '林宇涵', '18848292530', '330108200407252963', 'FAMILY', 'ACTIVE', '2023-02-14', NULL, '2023-02-14 10:00:00', '2023-02-14 10:00:00'),
    (197, 99, '罗子楠', '17732462449', '330108199304192974', 'OWNER', 'ACTIVE', '2022-12-29', NULL, '2022-12-29 09:30:00', '2022-12-29 09:30:00'),
    (198, 99, '罗子辰', '18748300449', '33010820030826298X', 'FAMILY', 'ACTIVE', '2023-02-26', NULL, '2023-02-26 10:00:00', '2023-02-26 10:00:00'),
    (199, 100, '郑文', '17632470368', '330108199205202997', 'OWNER', 'ACTIVE', '2023-01-09', NULL, '2023-01-09 09:30:00', '2023-01-09 09:30:00'),
    (200, 100, '郑文', '18648308368', '33010820020927300X', 'FAMILY', 'ACTIVE', '2023-03-10', NULL, '2023-03-10 10:00:00', '2023-03-10 10:00:00'),
    (201, 101, '梁奕涛', '19932478287', '330108199106213017', 'OWNER', 'ACTIVE', '2023-01-20', NULL, '2023-01-20 09:30:00', '2023-01-20 09:30:00'),
    (202, 101, '梁奕楠', '17748316287', '330108200110013021', 'FAMILY', 'ACTIVE', '2023-03-22', NULL, '2023-03-22 10:00:00', '2023-03-22 10:00:00'),
    (203, 102, '谢若涵', '13932486206', '330108199007223033', 'OWNER', 'ACTIVE', '2023-01-31', NULL, '2023-01-31 09:30:00', '2023-01-31 09:30:00'),
    (204, 102, '谢若杰', '17648324206', '330108200011023048', 'FAMILY', 'ACTIVE', '2023-04-03', NULL, '2023-04-03 10:00:00', '2023-04-03 10:00:00'),
    (205, 103, '宋景辰', '13832494125', '330108198908233058', 'OWNER', 'ACTIVE', '2023-02-11', NULL, '2023-02-11 09:30:00', '2023-02-11 09:30:00'),
    (206, 103, '宋景涛', '19948332125', '330108199912033061', 'FAMILY', 'ACTIVE', '2023-04-15', NULL, '2023-04-15 10:00:00', '2023-04-15 10:00:00'),
    (207, 104, '唐心婷', '13732502044', '330108198809243074', 'OWNER', 'ACTIVE', '2023-02-22', NULL, '2023-02-22 09:30:00', '2023-02-22 09:30:00'),
    (208, 104, '唐心涵', '13948340044', '330108199801043080', 'FAMILY', 'ACTIVE', '2023-04-27', NULL, '2023-04-27 10:00:00', '2023-04-27 10:00:00'),
    (209, 105, '许彦', '13632509963', '330108198710253096', 'OWNER', 'ACTIVE', '2023-03-05', NULL, '2023-03-05 09:30:00', '2023-03-05 09:30:00'),
    (210, 105, '许彦', '13848347963', '330108199702053101', 'FAMILY', 'ACTIVE', '2023-05-09', NULL, '2023-05-09 10:00:00', '2023-05-09 10:00:00'),
    (211, 106, '韩雅杰', '13532517882', '330108198611263117', 'OWNER', 'ACTIVE', '2023-03-16', NULL, '2023-03-16 09:30:00', '2023-03-16 09:30:00'),
    (212, 106, '韩雅婷', '13748355882', '330108199603063128', 'FAMILY', 'ACTIVE', '2023-05-21', NULL, '2023-05-21 10:00:00', '2023-05-21 10:00:00'),
    (213, 107, '冯承涛', '15932525801', '330108198512273133', 'OWNER', 'ACTIVE', '2023-03-27', NULL, '2023-03-27 09:30:00', '2023-03-27 09:30:00'),
    (214, 107, '冯承楠', '13648363801', '330108199504073144', 'FAMILY', 'ACTIVE', '2023-06-02', NULL, '2023-06-02 10:00:00', '2023-06-02 10:00:00'),
    (215, 108, '邓宇涵', '15832533720', '330108198401013152', 'OWNER', 'ACTIVE', '2023-04-07', NULL, '2023-04-07 09:30:00', '2023-04-07 09:30:00'),
    (216, 108, '邓宇杰', '13548371720', '330108199405083160', 'FAMILY', 'ACTIVE', '2023-06-14', NULL, '2023-06-14 10:00:00', '2023-06-14 10:00:00'),
    (217, 109, '曹子辰', '15732541639', '330108198302023179', 'OWNER', 'ACTIVE', '2023-04-18', NULL, '2023-04-18 09:30:00', '2023-04-18 09:30:00'),
    (218, 109, '曹子涛', '15948379639', '330108199306093187', 'FAMILY', 'ACTIVE', '2023-06-26', NULL, '2023-06-26 10:00:00', '2023-06-26 10:00:00'),
    (219, 110, '彭文', '18832549558', '330108198203033195', 'OWNER', 'ACTIVE', '2023-04-29', NULL, '2023-04-29 09:30:00', '2023-04-29 09:30:00'),
    (220, 110, '彭文', '15848387558', '330108199207103204', 'FAMILY', 'ACTIVE', '2023-07-08', NULL, '2023-07-08 10:00:00', '2023-07-08 10:00:00'),
    (221, 111, '曾奕楠', '18732557477', '330108198104043216', 'OWNER', 'ACTIVE', '2023-05-10', NULL, '2023-05-10 09:30:00', '2023-05-10 09:30:00'),
    (222, 111, '曾奕辰', '15748395477', '330108199108113220', 'FAMILY', 'ACTIVE', '2023-07-20', NULL, '2023-07-20 10:00:00', '2023-07-20 10:00:00'),
    (223, 112, '肖若杰', '18632565396', '330108198005053232', 'OWNER', 'ACTIVE', '2023-05-21', NULL, '2023-05-21 09:30:00', '2023-05-21 09:30:00'),
    (224, 112, '肖若婷', '18848403396', '330108201809123245', 'FAMILY', 'ACTIVE', '2023-08-01', NULL, '2023-08-01 10:00:00', '2023-08-01 10:00:00'),
    (225, 113, '田景涛', '17732573315', '330108197906063257', 'OWNER', 'ACTIVE', '2023-06-01', NULL, '2023-06-01 09:30:00', '2023-06-01 09:30:00'),
    (226, 113, '田景楠', '18748411315', '330108201710133267', 'FAMILY', 'ACTIVE', '2023-08-13', NULL, '2023-08-13 10:00:00', '2023-08-13 10:00:00'),
    (227, 114, '董心涵', '17632581234', '330108197807073273', 'OWNER', 'ACTIVE', '2023-06-12', NULL, '2023-06-12 09:30:00', '2023-06-12 09:30:00'),
    (228, 114, '董心杰', '18648419234', '330108201611143283', 'FAMILY', 'ACTIVE', '2023-08-25', NULL, '2023-08-25 10:00:00', '2023-08-25 10:00:00'),
    (229, 115, '袁彦', '19932589153', '33010819770808329X', 'OWNER', 'ACTIVE', '2023-06-23', NULL, '2023-06-23 09:30:00', '2023-06-23 09:30:00'),
    (230, 115, '袁彦', '17748427153', '330108201512153304', 'FAMILY', 'ACTIVE', '2023-09-06', NULL, '2023-09-06 10:00:00', '2023-09-06 10:00:00'),
    (231, 116, '潘雅婷', '13932597072', '330108197609093310', 'OWNER', 'ACTIVE', '2023-07-04', NULL, '2023-07-04 09:30:00', '2023-07-04 09:30:00'),
    (232, 116, '潘雅涵', '17648435072', '330108201401163323', 'FAMILY', 'ACTIVE', '2023-09-18', NULL, '2023-09-18 10:00:00', '2023-09-18 10:00:00'),
    (233, 117, '于承楠', '13832604991', '330108197510103339', 'OWNER', 'ACTIVE', '2023-07-15', NULL, '2023-07-15 09:30:00', '2023-07-15 09:30:00'),
    (234, 117, '于承辰', '19948442991', '33010820130217334X', 'FAMILY', 'ACTIVE', '2023-09-30', NULL, '2023-09-30 10:00:00', '2023-09-30 10:00:00'),
    (235, 118, '蒋宇杰', '13732612910', '330108197411113355', 'OWNER', 'ACTIVE', '2023-07-26', NULL, '2023-07-26 09:30:00', '2023-07-26 09:30:00'),
    (236, 118, '蒋宇婷', '13948450910', '330108201203183366', 'FAMILY', 'ACTIVE', '2023-10-12', NULL, '2023-10-12 10:00:00', '2023-10-12 10:00:00'),
    (237, 119, '蔡子涛', '13632620829', '330108197312123371', 'OWNER', 'ACTIVE', '2023-08-06', NULL, '2023-08-06 09:30:00', '2023-08-06 09:30:00'),
    (238, 119, '蔡子楠', '13848458829', '330108201104193382', 'FAMILY', 'ACTIVE', '2023-10-24', NULL, '2023-10-24 10:00:00', '2023-10-24 10:00:00'),
    (239, 120, '王文', '13532628748', '330108197201133390', 'OWNER', 'ACTIVE', '2023-08-17', NULL, '2023-08-17 09:30:00', '2023-08-17 09:30:00'),
    (240, 120, '王文', '13748466748', '33010820100520340X', 'FAMILY', 'ACTIVE', '2023-09-06', NULL, '2023-09-06 10:00:00', '2023-09-06 10:00:00');
INSERT INTO residents (id, unit_id, name, phone, identity_no, resident_type, status, move_in_date, move_out_date, created_at, updated_at) VALUES
    (241, 121, '李奕辰', '15932636667', '330108197102143411', 'OWNER', 'ACTIVE', '2023-08-28', NULL, '2023-08-28 09:30:00', '2023-08-28 09:30:00'),
    (242, 121, '李奕涛', '13648474667', '330108200906213424', 'FAMILY', 'ACTIVE', '2023-09-18', NULL, '2023-09-18 10:00:00', '2023-09-18 10:00:00'),
    (243, 122, '张若婷', '15832644586', '330108197003153438', 'OWNER', 'ACTIVE', '2023-09-08', NULL, '2023-09-08 09:30:00', '2023-09-08 09:30:00'),
    (244, 122, '张若涵', '13548482586', '330108200807223440', 'FAMILY', 'ACTIVE', '2023-09-30', NULL, '2023-09-30 10:00:00', '2023-09-30 10:00:00'),
    (245, 123, '刘景楠', '15732652505', '330108196904163452', 'OWNER', 'ACTIVE', '2023-09-19', NULL, '2023-09-19 09:30:00', '2023-09-19 09:30:00'),
    (246, 123, '刘景辰', '15948490505', '330108200708233467', 'FAMILY', 'ACTIVE', '2023-10-12', NULL, '2023-10-12 10:00:00', '2023-10-12 10:00:00'),
    (247, 124, '陈心杰', '18832660424', '330108196805173479', 'OWNER', 'ACTIVE', '2023-09-30', NULL, '2023-09-30 09:30:00', '2023-09-30 09:30:00'),
    (248, 124, '陈心婷', '15848498424', '330108200609243483', 'FAMILY', 'ACTIVE', '2023-10-24', NULL, '2023-10-24 10:00:00', '2023-10-24 10:00:00'),
    (249, 125, '杨彦', '18732668343', '330108196706183495', 'OWNER', 'ACTIVE', '2023-10-11', NULL, '2023-10-11 09:30:00', '2023-10-11 09:30:00'),
    (250, 125, '杨彦', '15748506343', '33010820051025350X', 'FAMILY', 'ACTIVE', '2023-11-05', NULL, '2023-11-05 10:00:00', '2023-11-05 10:00:00'),
    (251, 126, '黄雅涵', '18632676262', '330108196607193516', 'OWNER', 'ACTIVE', '2023-10-22', NULL, '2023-10-22 09:30:00', '2023-10-22 09:30:00'),
    (252, 126, '黄雅杰', '18848514262', '330108200411263526', 'FAMILY', 'ACTIVE', '2023-11-17', NULL, '2023-11-17 10:00:00', '2023-11-17 10:00:00'),
    (253, 127, '赵承辰', '17732684181', '330108196508203539', 'OWNER', 'ACTIVE', '2023-11-02', NULL, '2023-11-02 09:30:00', '2023-11-02 09:30:00'),
    (254, 127, '赵承涛', '18748522181', '330108200312273542', 'FAMILY', 'ACTIVE', '2023-11-29', NULL, '2023-11-29 10:00:00', '2023-11-29 10:00:00'),
    (255, 128, '周宇婷', '17632692100', '330108199609213553', 'OWNER', 'ACTIVE', '2023-11-13', NULL, '2023-11-13 09:30:00', '2023-11-13 09:30:00'),
    (256, 128, '周宇涵', '18648530100', '330108200201013561', 'FAMILY', 'ACTIVE', '2023-12-11', NULL, '2023-12-11 10:00:00', '2023-12-11 10:00:00'),
    (257, 129, '吴子楠', '19932700019', '330108199510223575', 'OWNER', 'ACTIVE', '2023-11-24', NULL, '2023-11-24 09:30:00', '2023-11-24 09:30:00'),
    (258, 129, '吴子辰', '17748538019', '330108200102023588', 'FAMILY', 'ACTIVE', '2023-12-23', NULL, '2023-12-23 10:00:00', '2023-12-23 10:00:00'),
    (259, 130, '徐文', '13932707938', '330108199411233591', 'OWNER', 'ACTIVE', '2023-12-05', NULL, '2023-12-05 09:30:00', '2023-12-05 09:30:00'),
    (260, 130, '徐文', '17648545938', '330108200003033609', 'FAMILY', 'ACTIVE', '2024-01-04', NULL, '2024-01-04 10:00:00', '2024-01-04 10:00:00'),
    (261, 131, '孙奕辰', '13832715857', '330108199612273610', 'TENANT', 'ACTIVE', '2023-12-16', NULL, '2023-12-16 09:30:00', '2023-12-16 09:30:00'),
    (262, 131, '孙奕辰', '19948553857', '330108198608083625', 'FAMILY', 'ACTIVE', '2024-01-16', NULL, '2024-01-16 10:00:00', '2024-01-16 10:00:00'),
    (263, 132, '朱若婷', '13732723776', '33010819950101363X', 'TENANT', 'ACTIVE', '2023-12-27', NULL, '2023-12-27 09:30:00', '2023-12-27 09:30:00'),
    (264, 132, '朱若婷', '13948561776', '330108198509093641', 'FAMILY', 'ACTIVE', '2024-01-28', NULL, '2024-01-28 10:00:00', '2024-01-28 10:00:00'),
    (265, 133, '马景楠', '13632731695', '330108199402023656', 'TENANT', 'ACTIVE', '2024-01-07', NULL, '2024-01-07 09:30:00', '2024-01-07 09:30:00'),
    (266, 133, '马景楠', '13848569695', '33010819841010366X', 'FAMILY', 'ACTIVE', '2024-02-09', NULL, '2024-02-09 10:00:00', '2024-02-09 10:00:00'),
    (267, 134, '胡心杰', '13532739614', '330108199303033672', 'TENANT', 'ACTIVE', '2024-01-18', NULL, '2024-01-18 09:30:00', '2024-01-18 09:30:00'),
    (268, 134, '胡心杰', '13748577614', '330108202111113680', 'FAMILY', 'ACTIVE', '2024-02-21', NULL, '2024-02-21 10:00:00', '2024-02-21 10:00:00'),
    (269, 135, '郭彦', '15932747533', '330108199204043699', 'TENANT', 'ACTIVE', '2024-01-29', NULL, '2024-01-29 09:30:00', '2024-01-29 09:30:00'),
    (270, 135, '郭彦', '13648585533', '330108202012123701', 'FAMILY', 'ACTIVE', '2024-03-04', NULL, '2024-03-04 10:00:00', '2024-03-04 10:00:00'),
    (271, 136, '何雅涵', '15832755452', '33010819910505371X', 'TENANT', 'ACTIVE', '2024-02-09', NULL, '2024-02-09 09:30:00', '2024-02-09 09:30:00'),
    (272, 136, '何雅涵', '13548593452', '330108201901133729', 'FAMILY', 'ACTIVE', '2024-03-16', NULL, '2024-03-16 10:00:00', '2024-03-16 10:00:00'),
    (273, 137, '高承辰', '15732763371', '330108199006063736', 'TENANT', 'ACTIVE', '2024-02-20', NULL, '2024-02-20 09:30:00', '2024-02-20 09:30:00'),
    (274, 137, '高承辰', '15948601371', '330108201802143745', 'FAMILY', 'ACTIVE', '2024-03-28', NULL, '2024-03-28 10:00:00', '2024-03-28 10:00:00'),
    (275, 138, '林宇婷', '18832771290', '330108198907073750', 'TENANT', 'ACTIVE', '2024-03-02', NULL, '2024-03-02 09:30:00', '2024-03-02 09:30:00'),
    (276, 138, '林宇婷', '15848609290', '330108201703153761', 'FAMILY', 'ACTIVE', '2024-04-09', NULL, '2024-04-09 10:00:00', '2024-04-09 10:00:00'),
    (277, 139, '罗子楠', '18732779209', '330108198808083777', 'TENANT', 'ACTIVE', '2024-03-13', NULL, '2024-03-13 09:30:00', '2024-03-13 09:30:00'),
    (278, 139, '罗子楠', '15748617209', '330108201604163788', 'FAMILY', 'ACTIVE', '2024-04-21', NULL, '2024-04-21 10:00:00', '2024-04-21 10:00:00'),
    (279, 140, '郑文', '18632787128', '330108198709093793', 'TENANT', 'ACTIVE', '2024-03-24', NULL, '2024-03-24 09:30:00', '2024-03-24 09:30:00'),
    (280, 140, '郑文', '18848625128', '330108201505173809', 'FAMILY', 'ACTIVE', '2024-05-03', NULL, '2024-05-03 10:00:00', '2024-05-03 10:00:00'),
    (281, 141, '梁奕涛', '17732795047', '330108198610103816', 'TENANT', 'ACTIVE', '2024-04-04', NULL, '2024-04-04 09:30:00', '2024-04-04 09:30:00'),
    (282, 141, '梁奕涛', '18748633047', '330108201406183825', 'FAMILY', 'MOVED_OUT', '2024-05-15', '2025-06-20', '2024-05-15 10:00:00', '2025-06-20 16:00:00'),
    (283, 142, '谢若涵', '17632802966', '330108198511113832', 'TENANT', 'ACTIVE', '2024-04-15', NULL, '2024-04-15 09:30:00', '2024-04-15 09:30:00'),
    (284, 142, '谢若涵', '18648640966', '330108201307193841', 'FAMILY', 'MOVED_OUT', '2024-05-27', '2025-07-03', '2024-05-27 10:00:00', '2025-07-03 16:00:00'),
    (285, 143, '宋景辰', '19932810885', '330108198412123859', 'TENANT', 'ACTIVE', '2024-04-26', NULL, '2024-04-26 09:30:00', '2024-04-26 09:30:00'),
    (286, 143, '宋景辰', '17748648885', '330108201208203864', 'FAMILY', 'MOVED_OUT', '2024-06-08', '2025-07-16', '2024-06-08 10:00:00', '2025-07-16 16:00:00'),
    (287, 144, '唐心婷', '13932818804', '330108198301133878', 'TENANT', 'ACTIVE', '2024-05-07', NULL, '2024-05-07 09:30:00', '2024-05-07 09:30:00'),
    (288, 144, '唐心婷', '17648656804', '330108201109213880', 'FAMILY', 'MOVED_OUT', '2024-06-20', '2025-07-29', '2024-06-20 10:00:00', '2025-07-29 16:00:00'),
    (289, 145, '许彦', '13832826723', '330108198202143894', 'TENANT', 'ACTIVE', '2024-05-18', NULL, '2024-05-18 09:30:00', '2024-05-18 09:30:00'),
    (290, 145, '许彦', '19948664723', '330108201010223907', 'FAMILY', 'MOVED_OUT', '2024-07-02', '2025-08-11', '2024-07-02 10:00:00', '2025-08-11 16:00:00'),
    (291, 146, '韩雅杰', '13732834642', '330108198103153915', 'TENANT', 'ACTIVE', '2024-05-29', NULL, '2024-05-29 09:30:00', '2024-05-29 09:30:00'),
    (292, 146, '韩雅杰', '13948672642', '330108200911233921', 'FAMILY', 'MOVED_OUT', '2024-07-14', '2025-08-24', '2024-07-14 10:00:00', '2025-08-24 16:00:00'),
    (293, 147, '冯承涛', '13632842561', '330108198004163931', 'TENANT', 'ACTIVE', '2024-06-09', NULL, '2024-06-09 09:30:00', '2024-06-09 09:30:00'),
    (294, 147, '冯承涛', '13848680561', '330108200812243948', 'FAMILY', 'MOVED_OUT', '2024-07-26', '2025-09-06', '2024-07-26 10:00:00', '2025-09-06 16:00:00'),
    (295, 148, '邓宇涵', '13532850480', '330108197905173956', 'TENANT', 'ACTIVE', '2024-06-20', NULL, '2024-06-20 09:30:00', '2024-06-20 09:30:00'),
    (296, 148, '邓宇涵', '13748688480', '330108200701253967', 'FAMILY', 'MOVED_OUT', '2024-08-07', '2025-09-19', '2024-08-07 10:00:00', '2025-09-19 16:00:00'),
    (297, 149, '曹子辰', '15932858399', '330108197806183972', 'TENANT', 'ACTIVE', '2024-07-01', NULL, '2024-07-01 09:30:00', '2024-07-01 09:30:00'),
    (298, 149, '曹子辰', '13648696399', '330108200602263983', 'FAMILY', 'MOVED_OUT', '2024-08-19', '2025-10-02', '2024-08-19 10:00:00', '2025-10-02 16:00:00'),
    (299, 150, '彭文', '15832866318', '330108200207193997', 'TENANT', 'ACTIVE', '2024-07-12', NULL, '2024-07-12 09:30:00', '2024-07-12 09:30:00'),
    (300, 150, '彭文', '13548704318', '330108200503274003', 'FAMILY', 'MOVED_OUT', '2024-08-31', '2025-10-15', '2024-08-31 10:00:00', '2025-10-15 16:00:00'),
    (301, 151, '曾奕楠', '15732874237', '330108200108204013', 'TENANT', 'ACTIVE', '2024-07-23', NULL, '2024-07-23 09:30:00', '2024-07-23 09:30:00'),
    (302, 151, '曾奕楠', '15948712237', '33010820040401402X', 'FAMILY', 'MOVED_OUT', '2024-09-12', '2025-10-28', '2024-09-12 10:00:00', '2025-10-28 16:00:00'),
    (303, 152, '肖若杰', '18832882156', '33010820000921403X', 'TENANT', 'ACTIVE', '2024-08-03', NULL, '2024-08-03 09:30:00', '2024-08-03 09:30:00'),
    (304, 152, '肖若杰', '15848720156', '330108200305024046', 'FAMILY', 'MOVED_OUT', '2024-09-24', '2025-11-10', '2024-09-24 10:00:00', '2025-11-10 16:00:00'),
    (305, 153, '田景涛', '18732890075', '330108199910224059', 'TENANT', 'ACTIVE', '2024-08-14', NULL, '2024-08-14 09:30:00', '2024-08-14 09:30:00'),
    (306, 153, '田景涛', '15748728075', '330108200206034062', 'FAMILY', 'ACTIVE', '2024-10-06', NULL, '2024-10-06 10:00:00', '2024-10-06 10:00:00'),
    (307, 154, '董心涵', '18632897994', '330108199811234075', 'TENANT', 'ACTIVE', '2024-08-25', NULL, '2024-08-25 09:30:00', '2024-08-25 09:30:00'),
    (308, 154, '董心涵', '18848735994', '330108200107044089', 'FAMILY', 'ACTIVE', '2024-10-18', NULL, '2024-10-18 10:00:00', '2024-10-18 10:00:00'),
    (309, 155, '袁彦', '17732905913', '330108199712244091', 'TENANT', 'ACTIVE', '2024-09-05', NULL, '2024-09-05 09:30:00', '2024-09-05 09:30:00'),
    (310, 155, '袁彦', '18748743913', '33010820000805410X', 'FAMILY', 'ACTIVE', '2024-10-30', NULL, '2024-10-30 10:00:00', '2024-10-30 10:00:00'),
    (311, 156, '潘雅婷', '17632913832', '330108199601254115', 'TENANT', 'ACTIVE', '2024-09-16', NULL, '2024-09-16 09:30:00', '2024-09-16 09:30:00'),
    (312, 156, '潘雅婷', '18648751832', '330108199909064123', 'FAMILY', 'ACTIVE', '2024-11-11', NULL, '2024-11-11 10:00:00', '2024-11-11 10:00:00'),
    (313, 157, '于承楠', '19932921751', '330108199502264131', 'TENANT', 'ACTIVE', '2024-09-27', NULL, '2024-09-27 09:30:00', '2024-09-27 09:30:00'),
    (314, 157, '于承楠', '17748759751', '330108199810074145', 'FAMILY', 'ACTIVE', '2024-11-23', NULL, '2024-11-23 10:00:00', '2024-11-23 10:00:00'),
    (315, 158, '蒋宇杰', '13932929670', '330108199403274158', 'TENANT', 'ACTIVE', '2024-10-08', NULL, '2024-10-08 09:30:00', '2024-10-08 09:30:00'),
    (316, 158, '蒋宇杰', '17648767670', '330108199711084161', 'FAMILY', 'ACTIVE', '2024-12-05', NULL, '2024-12-05 10:00:00', '2024-12-05 10:00:00'),
    (317, 159, '蔡子涛', '13832937589', '330108199304014174', 'TENANT', 'ACTIVE', '2024-10-19', NULL, '2024-10-19 09:30:00', '2024-10-19 09:30:00'),
    (318, 159, '蔡子涛', '19948775589', '330108199612094188', 'FAMILY', 'ACTIVE', '2024-12-17', NULL, '2024-12-17 10:00:00', '2024-12-17 10:00:00'),
    (319, 160, '王文', '13732945508', '330108199205024190', 'TENANT', 'ACTIVE', '2024-10-30', NULL, '2024-10-30 09:30:00', '2024-10-30 09:30:00'),
    (320, 160, '王文', '13948783508', '330108199501104208', 'FAMILY', 'ACTIVE', '2024-12-29', NULL, '2024-12-29 10:00:00', '2024-12-29 10:00:00'),
    (321, 161, '李奕辰', '13632953427', '330108199106034211', 'TENANT', 'ACTIVE', '2024-11-10', NULL, '2024-11-10 09:30:00', '2024-11-10 09:30:00'),
    (322, 161, '李奕辰', '13848791427', '330108199402114224', 'FAMILY', 'ACTIVE', '2025-01-10', NULL, '2025-01-10 10:00:00', '2025-01-10 10:00:00'),
    (323, 162, '张若婷', '13532961346', '330108199007044238', 'TENANT', 'ACTIVE', '2024-11-21', NULL, '2024-11-21 09:30:00', '2024-11-21 09:30:00'),
    (324, 162, '张若婷', '13748799346', '330108199303124240', 'FAMILY', 'ACTIVE', '2025-01-22', NULL, '2025-01-22 10:00:00', '2025-01-22 10:00:00'),
    (325, 163, '刘景楠', '15932969265', '330108198908054252', 'TENANT', 'ACTIVE', '2024-12-02', NULL, '2024-12-02 09:30:00', '2024-12-02 09:30:00'),
    (326, 163, '刘景楠', '13648807265', '330108199204134267', 'FAMILY', 'ACTIVE', '2025-02-03', NULL, '2025-02-03 10:00:00', '2025-02-03 10:00:00'),
    (327, 164, '陈心杰', '15832977184', '330108198809064279', 'TENANT', 'ACTIVE', '2024-12-13', NULL, '2024-12-13 09:30:00', '2024-12-13 09:30:00'),
    (328, 164, '陈心杰', '13548815184', '330108199105144283', 'FAMILY', 'ACTIVE', '2025-02-15', NULL, '2025-02-15 10:00:00', '2025-02-15 10:00:00'),
    (329, 165, '杨彦', '15732985103', '330108198710074290', 'TENANT', 'ACTIVE', '2024-12-24', NULL, '2024-12-24 09:30:00', '2024-12-24 09:30:00'),
    (330, 165, '杨彦', '15948823103', '330108199006154304', 'FAMILY', 'ACTIVE', '2025-02-27', NULL, '2025-02-27 10:00:00', '2025-02-27 10:00:00'),
    (331, 166, '黄雅涵', '18832993022', '330108198611084311', 'TENANT', 'ACTIVE', '2025-01-04', NULL, '2025-01-04 09:30:00', '2025-01-04 09:30:00'),
    (332, 166, '黄雅涵', '15848831022', '330108198907164329', 'FAMILY', 'ACTIVE', '2025-03-11', NULL, '2025-03-11 10:00:00', '2025-03-11 10:00:00'),
    (333, 167, '赵承辰', '18733000941', '330108198512094338', 'TENANT', 'ACTIVE', '2025-01-15', NULL, '2025-01-15 09:30:00', '2025-01-15 09:30:00'),
    (334, 167, '赵承辰', '15748838941', '330108198808174345', 'FAMILY', 'ACTIVE', '2025-03-23', NULL, '2025-03-23 10:00:00', '2025-03-23 10:00:00'),
    (335, 168, '周宇婷', '18633008860', '330108198401104353', 'TENANT', 'ACTIVE', '2025-01-26', NULL, '2025-01-26 09:30:00', '2025-01-26 09:30:00'),
    (336, 168, '周宇婷', '18848846860', '330108198709184361', 'FAMILY', 'ACTIVE', '2025-04-04', NULL, '2025-04-04 10:00:00', '2025-04-04 10:00:00'),
    (337, 169, '吴子楠', '17733016779', '33010819830211437X', 'TENANT', 'ACTIVE', '2025-02-06', NULL, '2025-02-06 09:30:00', '2025-02-06 09:30:00'),
    (338, 169, '吴子楠', '18748854779', '330108198610194383', 'FAMILY', 'ACTIVE', '2025-04-16', NULL, '2025-04-16 10:00:00', '2025-04-16 10:00:00'),
    (339, 170, '徐文', '17633024698', '330108198203124396', 'TENANT', 'ACTIVE', '2025-02-17', NULL, '2025-02-17 09:30:00', '2025-02-17 09:30:00'),
    (340, 170, '徐文', '18648862698', '330108198511204400', 'FAMILY', 'ACTIVE', '2025-04-28', NULL, '2025-04-28 10:00:00', '2025-04-28 10:00:00'),
    (341, 171, '孙奕涛', '19933032617', '330108198104134417', 'TENANT', 'ACTIVE', '2025-02-28', NULL, '2025-02-28 09:30:00', '2025-02-28 09:30:00'),
    (342, 171, '孙奕涛', '17748870617', '330108198412214427', 'FAMILY', 'ACTIVE', '2025-05-10', NULL, '2025-05-10 10:00:00', '2025-05-10 10:00:00'),
    (343, 172, '朱若涵', '13933040536', '330108198005144433', 'TENANT', 'ACTIVE', '2025-03-11', NULL, '2025-03-11 09:30:00', '2025-03-11 09:30:00'),
    (344, 172, '朱若涵', '17648878536', '330108202101224440', 'FAMILY', 'ACTIVE', '2025-05-22', NULL, '2025-05-22 10:00:00', '2025-05-22 10:00:00'),
    (345, 173, '马景辰', '13833048455', '330108197906154458', 'TENANT', 'ACTIVE', '2025-03-22', NULL, '2025-03-22 09:30:00', '2025-03-22 09:30:00'),
    (346, 173, '马景辰', '19948886455', '330108202002234467', 'FAMILY', 'ACTIVE', '2025-06-03', NULL, '2025-06-03 10:00:00', '2025-06-03 10:00:00'),
    (347, 174, '胡心婷', '13733056374', '330108197807164474', 'TENANT', 'ACTIVE', '2025-04-02', NULL, '2025-04-02 09:30:00', '2025-04-02 09:30:00'),
    (348, 174, '胡心婷', '13948894374', '330108201903244481', 'FAMILY', 'ACTIVE', '2025-06-15', NULL, '2025-06-15 10:00:00', '2025-06-15 10:00:00'),
    (349, 175, '郭彦', '13633064293', '330108200208174499', 'TENANT', 'ACTIVE', '2025-04-13', NULL, '2025-04-13 09:30:00', '2025-04-13 09:30:00'),
    (350, 175, '郭彦', '13848902293', '330108201804254502', 'FAMILY', 'ACTIVE', '2025-06-27', NULL, '2025-06-27 10:00:00', '2025-06-27 10:00:00'),
    (351, 176, '何雅杰', '13533072212', '33010820010918451X', 'TENANT', 'ACTIVE', '2025-04-24', NULL, '2025-04-24 09:30:00', '2025-04-24 09:30:00'),
    (352, 176, '何雅杰', '13748910212', '330108201705264529', 'FAMILY', 'ACTIVE', '2025-07-09', NULL, '2025-07-09 10:00:00', '2025-07-09 10:00:00'),
    (353, 177, '高承涛', '15933080131', '330108200010194531', 'TENANT', 'ACTIVE', '2025-05-05', NULL, '2025-05-05 09:30:00', '2025-05-05 09:30:00'),
    (354, 177, '高承涛', '13648918131', '330108201606274545', 'FAMILY', 'ACTIVE', '2025-07-21', NULL, '2025-07-21 10:00:00', '2025-07-21 10:00:00'),
    (355, 178, '林宇涵', '15833088050', '330108199911204551', 'TENANT', 'ACTIVE', '2025-05-16', NULL, '2025-05-16 09:30:00', '2025-05-16 09:30:00'),
    (356, 178, '林宇涵', '13548926050', '330108201507014561', 'FAMILY', 'ACTIVE', '2025-08-02', NULL, '2025-08-02 10:00:00', '2025-08-02 10:00:00'),
    (357, 179, '罗子辰', '15733095969', '330108199812214578', 'TENANT', 'ACTIVE', '2025-05-27', NULL, '2025-05-27 09:30:00', '2025-05-27 09:30:00'),
    (358, 179, '罗子辰', '15948933969', '330108201408024588', 'FAMILY', 'ACTIVE', '2025-08-14', NULL, '2025-08-14 10:00:00', '2025-08-14 10:00:00'),
    (359, 180, '郑文', '18833103888', '330108199701224597', 'TENANT', 'ACTIVE', '2025-06-07', NULL, '2025-06-07 09:30:00', '2025-06-07 09:30:00'),
    (360, 180, '郑文', '15848941888', '330108201309034609', 'FAMILY', 'ACTIVE', '2025-06-27', NULL, '2025-06-27 10:00:00', '2025-06-27 10:00:00');

INSERT INTO fee_bills (id, bill_no, unit_id, billing_month, amount, paid_amount, status, due_date, paid_at, remarks, created_at, updated_at) VALUES
    (1, 'FY2026010001', 1, '2026-01', 399.12, 399.12, 'PAID', '2026-01-25', '2026-01-23 15:20:00', '本月含公共能耗分摊费用。 本月已按时结清。', '2026-01-01 08:30:00', '2026-01-23 15:20:00'),
    (2, 'FY2026010002', 2, '2026-01', 451.60, 451.60, 'PAID', '2026-01-25', '2026-01-22 15:20:00', '账单已同步至业主微信群与物业管家。 本月已按时结清。', '2026-01-01 08:30:00', '2026-01-22 15:20:00'),
    (3, 'FY2026010003', 3, '2026-01', 451.60, 451.60, 'PAID', '2026-01-25', '2026-01-21 15:20:00', '支持物业前台、微信或银行转账缴费。 本月已按时结清。', '2026-01-01 08:30:00', '2026-01-21 15:20:00'),
    (4, 'FY2026010004', 4, '2026-01', 358.12, 358.12, 'PAID', '2026-01-25', '2026-01-20 15:20:00', '物业服务费按月计收，已含公区照明与保洁。 本月已按时结清。', '2026-01-01 08:30:00', '2026-01-20 15:20:00'),
    (5, 'FY2026010005', 5, '2026-01', 358.12, 358.12, 'PAID', '2026-01-25', '2026-01-19 15:20:00', '本月含公共能耗分摊费用。 本月已按时结清。', '2026-01-01 08:30:00', '2026-01-19 15:20:00'),
    (6, 'FY2026010006', 6, '2026-01', 399.12, 399.12, 'PAID', '2026-01-25', '2026-01-24 15:20:00', '账单已同步至业主微信群与物业管家。 本月已按时结清。', '2026-01-01 08:30:00', '2026-01-24 15:20:00'),
    (7, 'FY2026010007', 7, '2026-01', 399.12, 399.12, 'PAID', '2026-01-25', '2026-01-23 15:20:00', '支持物业前台、微信或银行转账缴费。 本月已按时结清。', '2026-01-01 08:30:00', '2026-01-23 15:20:00'),
    (8, 'FY2026010008', 8, '2026-01', 451.60, 451.60, 'PAID', '2026-01-25', '2026-01-22 15:20:00', '物业服务费按月计收，已含公区照明与保洁。 本月已按时结清。', '2026-01-01 08:30:00', '2026-01-22 15:20:00'),
    (9, 'FY2026010009', 9, '2026-01', 451.60, 451.60, 'PAID', '2026-01-25', '2026-01-21 15:20:00', '本月含公共能耗分摊费用。 本月已按时结清。', '2026-01-01 08:30:00', '2026-01-21 15:20:00'),
    (10, 'FY2026010010', 10, '2026-01', 358.12, 358.12, 'PAID', '2026-01-25', '2026-01-20 15:20:00', '账单已同步至业主微信群与物业管家。 本月已按时结清。', '2026-01-01 08:30:00', '2026-01-20 15:20:00'),
    (11, 'FY2026010011', 11, '2026-01', 358.12, 358.12, 'PAID', '2026-01-25', '2026-01-19 15:20:00', '支持物业前台、微信或银行转账缴费。 本月已按时结清。', '2026-01-01 08:30:00', '2026-01-19 15:20:00'),
    (12, 'FY2026010012', 12, '2026-01', 399.12, 399.12, 'PAID', '2026-01-25', '2026-01-24 15:20:00', '物业服务费按月计收，已含公区照明与保洁。 本月已按时结清。', '2026-01-01 08:30:00', '2026-01-24 15:20:00'),
    (13, 'FY2026010013', 13, '2026-01', 399.12, 399.12, 'PAID', '2026-01-25', '2026-01-23 15:20:00', '本月含公共能耗分摊费用。 本月已按时结清。', '2026-01-01 08:30:00', '2026-01-23 15:20:00'),
    (14, 'FY2026010014', 14, '2026-01', 451.60, 451.60, 'PAID', '2026-01-25', '2026-01-22 15:20:00', '账单已同步至业主微信群与物业管家。 本月已按时结清。', '2026-01-01 08:30:00', '2026-01-22 15:20:00'),
    (15, 'FY2026010015', 15, '2026-01', 451.60, 451.60, 'PAID', '2026-01-25', '2026-01-21 15:20:00', '支持物业前台、微信或银行转账缴费。 本月已按时结清。', '2026-01-01 08:30:00', '2026-01-21 15:20:00'),
    (16, 'FY2026010016', 16, '2026-01', 358.12, 358.12, 'PAID', '2026-01-25', '2026-01-20 15:20:00', '物业服务费按月计收，已含公区照明与保洁。 本月已按时结清。', '2026-01-01 08:30:00', '2026-01-20 15:20:00'),
    (17, 'FY2026010017', 17, '2026-01', 358.12, 358.12, 'PAID', '2026-01-25', '2026-01-19 15:20:00', '本月含公共能耗分摊费用。 本月已按时结清。', '2026-01-01 08:30:00', '2026-01-19 15:20:00'),
    (18, 'FY2026010018', 18, '2026-01', 399.12, 399.12, 'PAID', '2026-01-25', '2026-01-24 15:20:00', '账单已同步至业主微信群与物业管家。 本月已按时结清。', '2026-01-01 08:30:00', '2026-01-24 15:20:00'),
    (19, 'FY2026010019', 19, '2026-01', 399.12, 399.12, 'PAID', '2026-01-25', '2026-01-23 15:20:00', '支持物业前台、微信或银行转账缴费。 本月已按时结清。', '2026-01-01 08:30:00', '2026-01-23 15:20:00'),
    (20, 'FY2026010020', 20, '2026-01', 451.60, 451.60, 'PAID', '2026-01-25', '2026-01-22 15:20:00', '物业服务费按月计收，已含公区照明与保洁。 本月已按时结清。', '2026-01-01 08:30:00', '2026-01-22 15:20:00'),
    (21, 'FY2026010021', 21, '2026-01', 369.40, 369.40, 'PAID', '2026-01-25', '2026-01-21 15:20:00', '本月含公共能耗分摊费用。 本月已按时结清。', '2026-01-01 08:30:00', '2026-01-21 15:20:00'),
    (22, 'FY2026010022', 22, '2026-01', 404.00, 404.00, 'PAID', '2026-01-25', '2026-01-20 15:20:00', '账单已同步至业主微信群与物业管家。 本月已按时结清。', '2026-01-01 08:30:00', '2026-01-20 15:20:00'),
    (23, 'FY2026010023', 23, '2026-01', 404.00, 404.00, 'PAID', '2026-01-25', '2026-01-19 15:20:00', '支持物业前台、微信或银行转账缴费。 本月已按时结清。', '2026-01-01 08:30:00', '2026-01-19 15:20:00'),
    (24, 'FY2026010024', 24, '2026-01', 447.25, 447.25, 'PAID', '2026-01-25', '2026-01-24 15:20:00', '物业服务费按月计收，已含公区照明与保洁。 本月已按时结清。', '2026-01-01 08:30:00', '2026-01-24 15:20:00'),
    (25, 'FY2026010025', 25, '2026-01', 447.25, 447.25, 'PAID', '2026-01-25', '2026-01-23 15:20:00', '本月含公共能耗分摊费用。 本月已按时结清。', '2026-01-01 08:30:00', '2026-01-23 15:20:00'),
    (26, 'FY2026010026', 26, '2026-01', 369.40, 369.40, 'PAID', '2026-01-25', '2026-01-22 15:20:00', '账单已同步至业主微信群与物业管家。 本月已按时结清。', '2026-01-01 08:30:00', '2026-01-22 15:20:00'),
    (27, 'FY2026010027', 27, '2026-01', 369.40, 369.40, 'PAID', '2026-01-25', '2026-01-21 15:20:00', '支持物业前台、微信或银行转账缴费。 本月已按时结清。', '2026-01-01 08:30:00', '2026-01-21 15:20:00'),
    (28, 'FY2026010028', 28, '2026-01', 404.00, 404.00, 'PAID', '2026-01-25', '2026-01-20 15:20:00', '物业服务费按月计收，已含公区照明与保洁。 本月已按时结清。', '2026-01-01 08:30:00', '2026-01-20 15:20:00'),
    (29, 'FY2026010029', 29, '2026-01', 404.00, 404.00, 'PAID', '2026-01-25', '2026-01-19 15:20:00', '本月含公共能耗分摊费用。 本月已按时结清。', '2026-01-01 08:30:00', '2026-01-19 15:20:00'),
    (30, 'FY2026010030', 30, '2026-01', 447.25, 447.25, 'PAID', '2026-01-25', '2026-01-24 15:20:00', '账单已同步至业主微信群与物业管家。 本月已按时结清。', '2026-01-01 08:30:00', '2026-01-24 15:20:00'),
    (31, 'FY2026010031', 31, '2026-01', 447.25, 447.25, 'PAID', '2026-01-25', '2026-01-23 15:20:00', '支持物业前台、微信或银行转账缴费。 本月已按时结清。', '2026-01-01 08:30:00', '2026-01-23 15:20:00'),
    (32, 'FY2026010032', 32, '2026-01', 369.40, 369.40, 'PAID', '2026-01-25', '2026-01-22 15:20:00', '物业服务费按月计收，已含公区照明与保洁。 本月已按时结清。', '2026-01-01 08:30:00', '2026-01-22 15:20:00'),
    (33, 'FY2026010033', 33, '2026-01', 369.40, 369.40, 'PAID', '2026-01-25', '2026-01-21 15:20:00', '本月含公共能耗分摊费用。 本月已按时结清。', '2026-01-01 08:30:00', '2026-01-21 15:20:00'),
    (34, 'FY2026010034', 34, '2026-01', 404.00, 404.00, 'PAID', '2026-01-25', '2026-01-20 15:20:00', '账单已同步至业主微信群与物业管家。 本月已按时结清。', '2026-01-01 08:30:00', '2026-01-20 15:20:00'),
    (35, 'FY2026010035', 35, '2026-01', 404.00, 404.00, 'PAID', '2026-01-25', '2026-01-19 15:20:00', '支持物业前台、微信或银行转账缴费。 本月已按时结清。', '2026-01-01 08:30:00', '2026-01-19 15:20:00'),
    (36, 'FY2026010036', 36, '2026-01', 447.25, 447.25, 'PAID', '2026-01-25', '2026-01-24 15:20:00', '物业服务费按月计收，已含公区照明与保洁。 本月已按时结清。', '2026-01-01 08:30:00', '2026-01-24 15:20:00'),
    (37, 'FY2026010037', 37, '2026-01', 447.25, 447.25, 'PAID', '2026-01-25', '2026-01-23 15:20:00', '本月含公共能耗分摊费用。 本月已按时结清。', '2026-01-01 08:30:00', '2026-01-23 15:20:00'),
    (38, 'FY2026010038', 38, '2026-01', 369.40, 369.40, 'PAID', '2026-01-25', '2026-01-22 15:20:00', '账单已同步至业主微信群与物业管家。 本月已按时结清。', '2026-01-01 08:30:00', '2026-01-22 15:20:00'),
    (39, 'FY2026010039', 39, '2026-01', 369.40, 369.40, 'PAID', '2026-01-25', '2026-01-21 15:20:00', '支持物业前台、微信或银行转账缴费。 本月已按时结清。', '2026-01-01 08:30:00', '2026-01-21 15:20:00'),
    (40, 'FY2026010040', 40, '2026-01', 404.00, 404.00, 'PAID', '2026-01-25', '2026-01-20 15:20:00', '物业服务费按月计收，已含公区照明与保洁。 本月已按时结清。', '2026-01-01 08:30:00', '2026-01-20 15:20:00'),
    (41, 'FY2026010041', 41, '2026-01', 429.28, 429.28, 'PAID', '2026-01-25', '2026-01-19 15:20:00', '本月含公共能耗分摊费用。 本月已按时结清。', '2026-01-01 08:30:00', '2026-01-19 15:20:00'),
    (42, 'FY2026010042', 42, '2026-01', 487.52, 487.52, 'PAID', '2026-01-25', '2026-01-24 15:20:00', '账单已同步至业主微信群与物业管家。 本月已按时结清。', '2026-01-01 08:30:00', '2026-01-24 15:20:00'),
    (43, 'FY2026010043', 43, '2026-01', 487.52, 487.52, 'PAID', '2026-01-25', '2026-01-23 15:20:00', '支持物业前台、微信或银行转账缴费。 本月已按时结清。', '2026-01-01 08:30:00', '2026-01-23 15:20:00'),
    (44, 'FY2026010044', 44, '2026-01', 383.78, 383.78, 'PAID', '2026-01-25', '2026-01-22 15:20:00', '物业服务费按月计收，已含公区照明与保洁。 本月已按时结清。', '2026-01-01 08:30:00', '2026-01-22 15:20:00'),
    (45, 'FY2026010045', 45, '2026-01', 383.78, 383.78, 'PAID', '2026-01-25', '2026-01-21 15:20:00', '本月含公共能耗分摊费用。 本月已按时结清。', '2026-01-01 08:30:00', '2026-01-21 15:20:00'),
    (46, 'FY2026010046', 46, '2026-01', 429.28, 429.28, 'PAID', '2026-01-25', '2026-01-20 15:20:00', '账单已同步至业主微信群与物业管家。 本月已按时结清。', '2026-01-01 08:30:00', '2026-01-20 15:20:00'),
    (47, 'FY2026010047', 47, '2026-01', 429.28, 429.28, 'PAID', '2026-01-25', '2026-01-19 15:20:00', '支持物业前台、微信或银行转账缴费。 本月已按时结清。', '2026-01-01 08:30:00', '2026-01-19 15:20:00'),
    (48, 'FY2026010048', 48, '2026-01', 487.52, 487.52, 'PAID', '2026-01-25', '2026-01-24 15:20:00', '物业服务费按月计收，已含公区照明与保洁。 本月已按时结清。', '2026-01-01 08:30:00', '2026-01-24 15:20:00'),
    (49, 'FY2026010049', 49, '2026-01', 487.52, 487.52, 'PAID', '2026-01-25', '2026-01-23 15:20:00', '本月含公共能耗分摊费用。 本月已按时结清。', '2026-01-01 08:30:00', '2026-01-23 15:20:00'),
    (50, 'FY2026010050', 50, '2026-01', 383.78, 383.78, 'PAID', '2026-01-25', '2026-01-22 15:20:00', '账单已同步至业主微信群与物业管家。 本月已按时结清。', '2026-01-01 08:30:00', '2026-01-22 15:20:00'),
    (51, 'FY2026010051', 51, '2026-01', 383.78, 383.78, 'PAID', '2026-01-25', '2026-01-21 15:20:00', '支持物业前台、微信或银行转账缴费。 本月已按时结清。', '2026-01-01 08:30:00', '2026-01-21 15:20:00'),
    (52, 'FY2026010052', 52, '2026-01', 429.28, 429.28, 'PAID', '2026-01-25', '2026-01-20 15:20:00', '物业服务费按月计收，已含公区照明与保洁。 本月已按时结清。', '2026-01-01 08:30:00', '2026-01-20 15:20:00'),
    (53, 'FY2026010053', 53, '2026-01', 429.28, 429.28, 'PAID', '2026-01-25', '2026-01-19 15:20:00', '本月含公共能耗分摊费用。 本月已按时结清。', '2026-01-01 08:30:00', '2026-01-19 15:20:00'),
    (54, 'FY2026010054', 54, '2026-01', 487.52, 487.52, 'PAID', '2026-01-25', '2026-01-24 15:20:00', '账单已同步至业主微信群与物业管家。 本月已按时结清。', '2026-01-01 08:30:00', '2026-01-24 15:20:00'),
    (55, 'FY2026010055', 55, '2026-01', 487.52, 487.52, 'PAID', '2026-01-25', '2026-01-23 15:20:00', '支持物业前台、微信或银行转账缴费。 本月已按时结清。', '2026-01-01 08:30:00', '2026-01-23 15:20:00'),
    (56, 'FY2026010056', 56, '2026-01', 383.78, 383.78, 'PAID', '2026-01-25', '2026-01-22 15:20:00', '物业服务费按月计收，已含公区照明与保洁。 本月已按时结清。', '2026-01-01 08:30:00', '2026-01-22 15:20:00'),
    (57, 'FY2026010057', 57, '2026-01', 383.78, 383.78, 'PAID', '2026-01-25', '2026-01-21 15:20:00', '本月含公共能耗分摊费用。 本月已按时结清。', '2026-01-01 08:30:00', '2026-01-21 15:20:00'),
    (58, 'FY2026010058', 58, '2026-01', 429.28, 429.28, 'PAID', '2026-01-25', '2026-01-20 15:20:00', '账单已同步至业主微信群与物业管家。 本月已按时结清。', '2026-01-01 08:30:00', '2026-01-20 15:20:00'),
    (59, 'FY2026010059', 59, '2026-01', 429.28, 429.28, 'PAID', '2026-01-25', '2026-01-19 15:20:00', '支持物业前台、微信或银行转账缴费。 本月已按时结清。', '2026-01-01 08:30:00', '2026-01-19 15:20:00'),
    (60, 'FY2026010060', 60, '2026-01', 487.52, 487.52, 'PAID', '2026-01-25', '2026-01-24 15:20:00', '物业服务费按月计收，已含公区照明与保洁。 本月已按时结清。', '2026-01-01 08:30:00', '2026-01-24 15:20:00'),
    (61, 'FY2026010061', 61, '2026-01', 330.80, 330.80, 'PAID', '2026-01-25', '2026-01-23 15:20:00', '本月含公共能耗分摊费用。 本月已按时结清。', '2026-01-01 08:30:00', '2026-01-23 15:20:00'),
    (62, 'FY2026010062', 62, '2026-01', 361.80, 361.80, 'PAID', '2026-01-25', '2026-01-22 15:20:00', '账单已同步至业主微信群与物业管家。 本月已按时结清。', '2026-01-01 08:30:00', '2026-01-22 15:20:00'),
    (63, 'FY2026010063', 63, '2026-01', 361.80, 361.80, 'PAID', '2026-01-25', '2026-01-21 15:20:00', '支持物业前台、微信或银行转账缴费。 本月已按时结清。', '2026-01-01 08:30:00', '2026-01-21 15:20:00'),
    (64, 'FY2026010064', 64, '2026-01', 400.55, 400.55, 'PAID', '2026-01-25', '2026-01-20 15:20:00', '物业服务费按月计收，已含公区照明与保洁。 本月已按时结清。', '2026-01-01 08:30:00', '2026-01-20 15:20:00'),
    (65, 'FY2026010065', 65, '2026-01', 400.55, 400.55, 'PAID', '2026-01-25', '2026-01-19 15:20:00', '本月含公共能耗分摊费用。 本月已按时结清。', '2026-01-01 08:30:00', '2026-01-19 15:20:00'),
    (66, 'FY2026010066', 66, '2026-01', 330.80, 330.80, 'PAID', '2026-01-25', '2026-01-24 15:20:00', '账单已同步至业主微信群与物业管家。 本月已按时结清。', '2026-01-01 08:30:00', '2026-01-24 15:20:00'),
    (67, 'FY2026010067', 67, '2026-01', 330.80, 330.80, 'PAID', '2026-01-25', '2026-01-23 15:20:00', '支持物业前台、微信或银行转账缴费。 本月已按时结清。', '2026-01-01 08:30:00', '2026-01-23 15:20:00'),
    (68, 'FY2026010068', 68, '2026-01', 361.80, 361.80, 'PAID', '2026-01-25', '2026-01-22 15:20:00', '物业服务费按月计收，已含公区照明与保洁。 本月已按时结清。', '2026-01-01 08:30:00', '2026-01-22 15:20:00'),
    (69, 'FY2026010069', 69, '2026-01', 361.80, 361.80, 'PAID', '2026-01-25', '2026-01-21 15:20:00', '本月含公共能耗分摊费用。 本月已按时结清。', '2026-01-01 08:30:00', '2026-01-21 15:20:00'),
    (70, 'FY2026010070', 70, '2026-01', 400.55, 400.55, 'PAID', '2026-01-25', '2026-01-20 15:20:00', '账单已同步至业主微信群与物业管家。 本月已按时结清。', '2026-01-01 08:30:00', '2026-01-20 15:20:00'),
    (71, 'FY2026010071', 71, '2026-01', 400.55, 400.55, 'PAID', '2026-01-25', '2026-01-19 15:20:00', '支持物业前台、微信或银行转账缴费。 本月已按时结清。', '2026-01-01 08:30:00', '2026-01-19 15:20:00'),
    (72, 'FY2026010072', 72, '2026-01', 330.80, 330.80, 'PAID', '2026-01-25', '2026-01-24 15:20:00', '物业服务费按月计收，已含公区照明与保洁。 本月已按时结清。', '2026-01-01 08:30:00', '2026-01-24 15:20:00'),
    (73, 'FY2026010073', 73, '2026-01', 330.80, 330.80, 'PAID', '2026-01-25', '2026-01-23 15:20:00', '本月含公共能耗分摊费用。 本月已按时结清。', '2026-01-01 08:30:00', '2026-01-23 15:20:00'),
    (74, 'FY2026010074', 74, '2026-01', 361.80, 361.80, 'PAID', '2026-01-25', '2026-01-22 15:20:00', '账单已同步至业主微信群与物业管家。 本月已按时结清。', '2026-01-01 08:30:00', '2026-01-22 15:20:00'),
    (75, 'FY2026010075', 75, '2026-01', 361.80, 361.80, 'PAID', '2026-01-25', '2026-01-21 15:20:00', '支持物业前台、微信或银行转账缴费。 本月已按时结清。', '2026-01-01 08:30:00', '2026-01-21 15:20:00'),
    (76, 'FY2026010076', 76, '2026-01', 400.55, 400.55, 'PAID', '2026-01-25', '2026-01-20 15:20:00', '物业服务费按月计收，已含公区照明与保洁。 本月已按时结清。', '2026-01-01 08:30:00', '2026-01-20 15:20:00'),
    (77, 'FY2026010077', 77, '2026-01', 400.55, 400.55, 'PAID', '2026-01-25', '2026-01-19 15:20:00', '本月含公共能耗分摊费用。 本月已按时结清。', '2026-01-01 08:30:00', '2026-01-19 15:20:00'),
    (78, 'FY2026010078', 78, '2026-01', 330.80, 330.80, 'PAID', '2026-01-25', '2026-01-24 15:20:00', '账单已同步至业主微信群与物业管家。 本月已按时结清。', '2026-01-01 08:30:00', '2026-01-24 15:20:00'),
    (79, 'FY2026010079', 79, '2026-01', 330.80, 330.80, 'PAID', '2026-01-25', '2026-01-23 15:20:00', '支持物业前台、微信或银行转账缴费。 本月已按时结清。', '2026-01-01 08:30:00', '2026-01-23 15:20:00'),
    (80, 'FY2026010080', 80, '2026-01', 361.80, 361.80, 'PAID', '2026-01-25', '2026-01-22 15:20:00', '物业服务费按月计收，已含公区照明与保洁。 本月已按时结清。', '2026-01-01 08:30:00', '2026-01-22 15:20:00');
INSERT INTO fee_bills (id, bill_no, unit_id, billing_month, amount, paid_amount, status, due_date, paid_at, remarks, created_at, updated_at) VALUES
    (81, 'FY2026020081', 81, '2026-02', 405.68, 405.68, 'PAID', '2026-02-25', '2026-02-21 15:20:00', '本月含公共能耗分摊费用。 本月已按时结清。', '2026-02-01 08:30:00', '2026-02-21 15:20:00'),
    (82, 'FY2026020082', 82, '2026-02', 458.16, 458.16, 'PAID', '2026-02-25', '2026-02-20 15:20:00', '账单已同步至业主微信群与物业管家。 本月已按时结清。', '2026-02-01 08:30:00', '2026-02-20 15:20:00'),
    (83, 'FY2026020083', 83, '2026-02', 458.16, 458.16, 'PAID', '2026-02-25', '2026-02-19 15:20:00', '支持物业前台、微信或银行转账缴费。 本月已按时结清。', '2026-02-01 08:30:00', '2026-02-19 15:20:00'),
    (84, 'FY2026020084', 84, '2026-02', 364.68, 364.68, 'PAID', '2026-02-25', '2026-02-24 15:20:00', '物业服务费按月计收，已含公区照明与保洁。 本月已按时结清。', '2026-02-01 08:30:00', '2026-02-24 15:20:00'),
    (85, 'FY2026020085', 85, '2026-02', 364.68, 364.68, 'PAID', '2026-02-25', '2026-02-23 15:20:00', '本月含公共能耗分摊费用。 本月已按时结清。', '2026-02-01 08:30:00', '2026-02-23 15:20:00'),
    (86, 'FY2026020086', 86, '2026-02', 405.68, 405.68, 'PAID', '2026-02-25', '2026-02-22 15:20:00', '账单已同步至业主微信群与物业管家。 本月已按时结清。', '2026-02-01 08:30:00', '2026-02-22 15:20:00'),
    (87, 'FY2026020087', 87, '2026-02', 405.68, 405.68, 'PAID', '2026-02-25', '2026-02-21 15:20:00', '支持物业前台、微信或银行转账缴费。 本月已按时结清。', '2026-02-01 08:30:00', '2026-02-21 15:20:00'),
    (88, 'FY2026020088', 88, '2026-02', 458.16, 458.16, 'PAID', '2026-02-25', '2026-02-20 15:20:00', '物业服务费按月计收，已含公区照明与保洁。 本月已按时结清。', '2026-02-01 08:30:00', '2026-02-20 15:20:00'),
    (89, 'FY2026020089', 89, '2026-02', 458.16, 458.16, 'PAID', '2026-02-25', '2026-02-19 15:20:00', '本月含公共能耗分摊费用。 本月已按时结清。', '2026-02-01 08:30:00', '2026-02-19 15:20:00'),
    (90, 'FY2026020090', 90, '2026-02', 364.68, 364.68, 'PAID', '2026-02-25', '2026-02-24 15:20:00', '账单已同步至业主微信群与物业管家。 本月已按时结清。', '2026-02-01 08:30:00', '2026-02-24 15:20:00'),
    (91, 'FY2026020091', 91, '2026-02', 364.68, 364.68, 'PAID', '2026-02-25', '2026-02-23 15:20:00', '支持物业前台、微信或银行转账缴费。 本月已按时结清。', '2026-02-01 08:30:00', '2026-02-23 15:20:00'),
    (92, 'FY2026020092', 92, '2026-02', 405.68, 405.68, 'PAID', '2026-02-25', '2026-02-22 15:20:00', '物业服务费按月计收，已含公区照明与保洁。 本月已按时结清。', '2026-02-01 08:30:00', '2026-02-22 15:20:00'),
    (93, 'FY2026020093', 93, '2026-02', 405.68, 405.68, 'PAID', '2026-02-25', '2026-02-21 15:20:00', '本月含公共能耗分摊费用。 本月已按时结清。', '2026-02-01 08:30:00', '2026-02-21 15:20:00'),
    (94, 'FY2026020094', 94, '2026-02', 458.16, 458.16, 'PAID', '2026-02-25', '2026-02-20 15:20:00', '账单已同步至业主微信群与物业管家。 本月已按时结清。', '2026-02-01 08:30:00', '2026-02-20 15:20:00'),
    (95, 'FY2026020095', 95, '2026-02', 458.16, 458.16, 'PAID', '2026-02-25', '2026-02-19 15:20:00', '支持物业前台、微信或银行转账缴费。 本月已按时结清。', '2026-02-01 08:30:00', '2026-02-19 15:20:00'),
    (96, 'FY2026020096', 96, '2026-02', 364.68, 364.68, 'PAID', '2026-02-25', '2026-02-24 15:20:00', '物业服务费按月计收，已含公区照明与保洁。 本月已按时结清。', '2026-02-01 08:30:00', '2026-02-24 15:20:00'),
    (97, 'FY2026020097', 97, '2026-02', 364.68, 364.68, 'PAID', '2026-02-25', '2026-02-23 15:20:00', '本月含公共能耗分摊费用。 本月已按时结清。', '2026-02-01 08:30:00', '2026-02-23 15:20:00'),
    (98, 'FY2026020098', 98, '2026-02', 405.68, 405.68, 'PAID', '2026-02-25', '2026-02-22 15:20:00', '账单已同步至业主微信群与物业管家。 本月已按时结清。', '2026-02-01 08:30:00', '2026-02-22 15:20:00'),
    (99, 'FY2026020099', 99, '2026-02', 405.68, 405.68, 'PAID', '2026-02-25', '2026-02-21 15:20:00', '支持物业前台、微信或银行转账缴费。 本月已按时结清。', '2026-02-01 08:30:00', '2026-02-21 15:20:00'),
    (100, 'FY2026020100', 100, '2026-02', 458.16, 458.16, 'PAID', '2026-02-25', '2026-02-20 15:20:00', '物业服务费按月计收，已含公区照明与保洁。 本月已按时结清。', '2026-02-01 08:30:00', '2026-02-20 15:20:00'),
    (101, 'FY2026020101', 101, '2026-02', 355.56, 355.56, 'PAID', '2026-02-25', '2026-02-19 15:20:00', '本月含公共能耗分摊费用。 本月已按时结清。', '2026-02-01 08:30:00', '2026-02-19 15:20:00'),
    (102, 'FY2026020102', 102, '2026-02', 390.16, 390.16, 'PAID', '2026-02-25', '2026-02-24 15:20:00', '账单已同步至业主微信群与物业管家。 本月已按时结清。', '2026-02-01 08:30:00', '2026-02-24 15:20:00'),
    (103, 'FY2026020103', 103, '2026-02', 390.16, 390.16, 'PAID', '2026-02-25', '2026-02-23 15:20:00', '支持物业前台、微信或银行转账缴费。 本月已按时结清。', '2026-02-01 08:30:00', '2026-02-23 15:20:00'),
    (104, 'FY2026020104', 104, '2026-02', 433.41, 433.41, 'PAID', '2026-02-25', '2026-02-22 15:20:00', '物业服务费按月计收，已含公区照明与保洁。 本月已按时结清。', '2026-02-01 08:30:00', '2026-02-22 15:20:00'),
    (105, 'FY2026020105', 105, '2026-02', 433.41, 433.41, 'PAID', '2026-02-25', '2026-02-21 15:20:00', '本月含公共能耗分摊费用。 本月已按时结清。', '2026-02-01 08:30:00', '2026-02-21 15:20:00'),
    (106, 'FY2026020106', 106, '2026-02', 355.56, 355.56, 'PAID', '2026-02-25', '2026-02-20 15:20:00', '账单已同步至业主微信群与物业管家。 本月已按时结清。', '2026-02-01 08:30:00', '2026-02-20 15:20:00'),
    (107, 'FY2026020107', 107, '2026-02', 355.56, 355.56, 'PAID', '2026-02-25', '2026-02-19 15:20:00', '支持物业前台、微信或银行转账缴费。 本月已按时结清。', '2026-02-01 08:30:00', '2026-02-19 15:20:00'),
    (108, 'FY2026020108', 108, '2026-02', 390.16, 390.16, 'PAID', '2026-02-25', '2026-02-24 15:20:00', '物业服务费按月计收，已含公区照明与保洁。 本月已按时结清。', '2026-02-01 08:30:00', '2026-02-24 15:20:00'),
    (109, 'FY2026020109', 109, '2026-02', 390.16, 390.16, 'PAID', '2026-02-25', '2026-02-23 15:20:00', '本月含公共能耗分摊费用。 本月已按时结清。', '2026-02-01 08:30:00', '2026-02-23 15:20:00'),
    (110, 'FY2026020110', 110, '2026-02', 433.41, 433.41, 'PAID', '2026-02-25', '2026-02-22 15:20:00', '账单已同步至业主微信群与物业管家。 本月已按时结清。', '2026-02-01 08:30:00', '2026-02-22 15:20:00'),
    (111, 'FY2026020111', 111, '2026-02', 433.41, 433.41, 'PAID', '2026-02-25', '2026-02-21 15:20:00', '支持物业前台、微信或银行转账缴费。 本月已按时结清。', '2026-02-01 08:30:00', '2026-02-21 15:20:00'),
    (112, 'FY2026020112', 112, '2026-02', 355.56, 355.56, 'PAID', '2026-02-25', '2026-02-20 15:20:00', '物业服务费按月计收，已含公区照明与保洁。 本月已按时结清。', '2026-02-01 08:30:00', '2026-02-20 15:20:00'),
    (113, 'FY2026020113', 113, '2026-02', 355.56, 355.56, 'PAID', '2026-02-25', '2026-02-19 15:20:00', '本月含公共能耗分摊费用。 本月已按时结清。', '2026-02-01 08:30:00', '2026-02-19 15:20:00'),
    (114, 'FY2026020114', 114, '2026-02', 390.16, 390.16, 'PAID', '2026-02-25', '2026-02-24 15:20:00', '账单已同步至业主微信群与物业管家。 本月已按时结清。', '2026-02-01 08:30:00', '2026-02-24 15:20:00'),
    (115, 'FY2026020115', 115, '2026-02', 390.16, 390.16, 'PAID', '2026-02-25', '2026-02-23 15:20:00', '支持物业前台、微信或银行转账缴费。 本月已按时结清。', '2026-02-01 08:30:00', '2026-02-23 15:20:00'),
    (116, 'FY2026020116', 116, '2026-02', 433.41, 433.41, 'PAID', '2026-02-25', '2026-02-22 15:20:00', '物业服务费按月计收，已含公区照明与保洁。 本月已按时结清。', '2026-02-01 08:30:00', '2026-02-22 15:20:00'),
    (117, 'FY2026020117', 117, '2026-02', 433.41, 433.41, 'PAID', '2026-02-25', '2026-02-21 15:20:00', '本月含公共能耗分摊费用。 本月已按时结清。', '2026-02-01 08:30:00', '2026-02-21 15:20:00'),
    (118, 'FY2026020118', 118, '2026-02', 355.56, 355.56, 'PAID', '2026-02-25', '2026-02-20 15:20:00', '账单已同步至业主微信群与物业管家。 本月已按时结清。', '2026-02-01 08:30:00', '2026-02-20 15:20:00'),
    (119, 'FY2026020119', 119, '2026-02', 355.56, 355.56, 'PAID', '2026-02-25', '2026-02-19 15:20:00', '支持物业前台、微信或银行转账缴费。 本月已按时结清。', '2026-02-01 08:30:00', '2026-02-19 15:20:00'),
    (120, 'FY2026020120', 120, '2026-02', 390.16, 390.16, 'PAID', '2026-02-25', '2026-02-24 15:20:00', '物业服务费按月计收，已含公区照明与保洁。 本月已按时结清。', '2026-02-01 08:30:00', '2026-02-24 15:20:00'),
    (121, 'FY2026020121', 121, '2026-02', 436.56, 436.56, 'PAID', '2026-02-25', '2026-02-23 15:20:00', '本月含公共能耗分摊费用。 本月已按时结清。', '2026-02-01 08:30:00', '2026-02-23 15:20:00'),
    (122, 'FY2026020122', 122, '2026-02', 494.80, 494.80, 'PAID', '2026-02-25', '2026-02-22 15:20:00', '账单已同步至业主微信群与物业管家。 本月已按时结清。', '2026-02-01 08:30:00', '2026-02-22 15:20:00'),
    (123, 'FY2026020123', 123, '2026-02', 494.80, 494.80, 'PAID', '2026-02-25', '2026-02-21 15:20:00', '支持物业前台、微信或银行转账缴费。 本月已按时结清。', '2026-02-01 08:30:00', '2026-02-21 15:20:00'),
    (124, 'FY2026020124', 124, '2026-02', 391.06, 391.06, 'PAID', '2026-02-25', '2026-02-20 15:20:00', '物业服务费按月计收，已含公区照明与保洁。 本月已按时结清。', '2026-02-01 08:30:00', '2026-02-20 15:20:00'),
    (125, 'FY2026020125', 125, '2026-02', 391.06, 391.06, 'PAID', '2026-02-25', '2026-02-19 15:20:00', '本月含公共能耗分摊费用。 本月已按时结清。', '2026-02-01 08:30:00', '2026-02-19 15:20:00'),
    (126, 'FY2026020126', 126, '2026-02', 436.56, 436.56, 'PAID', '2026-02-25', '2026-02-24 15:20:00', '账单已同步至业主微信群与物业管家。 本月已按时结清。', '2026-02-01 08:30:00', '2026-02-24 15:20:00'),
    (127, 'FY2026020127', 127, '2026-02', 436.56, 436.56, 'PAID', '2026-02-25', '2026-02-23 15:20:00', '支持物业前台、微信或银行转账缴费。 本月已按时结清。', '2026-02-01 08:30:00', '2026-02-23 15:20:00'),
    (128, 'FY2026020128', 128, '2026-02', 494.80, 494.80, 'PAID', '2026-02-25', '2026-02-22 15:20:00', '物业服务费按月计收，已含公区照明与保洁。 本月已按时结清。', '2026-02-01 08:30:00', '2026-02-22 15:20:00'),
    (129, 'FY2026020129', 129, '2026-02', 494.80, 494.80, 'PAID', '2026-02-25', '2026-02-21 15:20:00', '本月含公共能耗分摊费用。 本月已按时结清。', '2026-02-01 08:30:00', '2026-02-21 15:20:00'),
    (130, 'FY2026020130', 130, '2026-02', 391.06, 391.06, 'PAID', '2026-02-25', '2026-02-20 15:20:00', '账单已同步至业主微信群与物业管家。 本月已按时结清。', '2026-02-01 08:30:00', '2026-02-20 15:20:00'),
    (131, 'FY2026020131', 131, '2026-02', 391.06, 391.06, 'PAID', '2026-02-25', '2026-02-19 15:20:00', '支持物业前台、微信或银行转账缴费。 本月已按时结清。', '2026-02-01 08:30:00', '2026-02-19 15:20:00'),
    (132, 'FY2026020132', 132, '2026-02', 436.56, 436.56, 'PAID', '2026-02-25', '2026-02-24 15:20:00', '物业服务费按月计收，已含公区照明与保洁。 本月已按时结清。', '2026-02-01 08:30:00', '2026-02-24 15:20:00'),
    (133, 'FY2026020133', 133, '2026-02', 436.56, 436.56, 'PAID', '2026-02-25', '2026-02-23 15:20:00', '本月含公共能耗分摊费用。 本月已按时结清。', '2026-02-01 08:30:00', '2026-02-23 15:20:00'),
    (134, 'FY2026020134', 134, '2026-02', 494.80, 494.80, 'PAID', '2026-02-25', '2026-02-22 15:20:00', '账单已同步至业主微信群与物业管家。 本月已按时结清。', '2026-02-01 08:30:00', '2026-02-22 15:20:00'),
    (135, 'FY2026020135', 135, '2026-02', 494.80, 494.80, 'PAID', '2026-02-25', '2026-02-21 15:20:00', '支持物业前台、微信或银行转账缴费。 本月已按时结清。', '2026-02-01 08:30:00', '2026-02-21 15:20:00'),
    (136, 'FY2026020136', 136, '2026-02', 391.06, 391.06, 'PAID', '2026-02-25', '2026-02-20 15:20:00', '物业服务费按月计收，已含公区照明与保洁。 本月已按时结清。', '2026-02-01 08:30:00', '2026-02-20 15:20:00'),
    (137, 'FY2026020137', 137, '2026-02', 391.06, 391.06, 'PAID', '2026-02-25', '2026-02-19 15:20:00', '本月含公共能耗分摊费用。 本月已按时结清。', '2026-02-01 08:30:00', '2026-02-19 15:20:00'),
    (138, 'FY2026020138', 138, '2026-02', 436.56, 436.56, 'PAID', '2026-02-25', '2026-02-24 15:20:00', '账单已同步至业主微信群与物业管家。 本月已按时结清。', '2026-02-01 08:30:00', '2026-02-24 15:20:00'),
    (139, 'FY2026020139', 139, '2026-02', 436.56, 436.56, 'PAID', '2026-02-25', '2026-02-23 15:20:00', '支持物业前台、微信或银行转账缴费。 本月已按时结清。', '2026-02-01 08:30:00', '2026-02-23 15:20:00'),
    (140, 'FY2026020140', 140, '2026-02', 494.80, 494.80, 'PAID', '2026-02-25', '2026-02-22 15:20:00', '物业服务费按月计收，已含公区照明与保洁。 本月已按时结清。', '2026-02-01 08:30:00', '2026-02-22 15:20:00'),
    (141, 'FY2026020141', 141, '2026-02', 337.00, 337.00, 'PAID', '2026-02-25', '2026-02-21 15:20:00', '本月含公共能耗分摊费用。 本月已按时结清。', '2026-02-01 08:30:00', '2026-02-21 15:20:00'),
    (142, 'FY2026020142', 142, '2026-02', 368.00, 368.00, 'PAID', '2026-02-25', '2026-02-20 15:20:00', '账单已同步至业主微信群与物业管家。 本月已按时结清。', '2026-02-01 08:30:00', '2026-02-20 15:20:00'),
    (143, 'FY2026020143', 143, '2026-02', 368.00, 368.00, 'PAID', '2026-02-25', '2026-02-19 15:20:00', '支持物业前台、微信或银行转账缴费。 本月已按时结清。', '2026-02-01 08:30:00', '2026-02-19 15:20:00'),
    (144, 'FY2026020144', 144, '2026-02', 406.75, 406.75, 'PAID', '2026-02-25', '2026-02-24 15:20:00', '物业服务费按月计收，已含公区照明与保洁。 本月已按时结清。', '2026-02-01 08:30:00', '2026-02-24 15:20:00'),
    (145, 'FY2026020145', 145, '2026-02', 406.75, 406.75, 'PAID', '2026-02-25', '2026-02-23 15:20:00', '本月含公共能耗分摊费用。 本月已按时结清。', '2026-02-01 08:30:00', '2026-02-23 15:20:00'),
    (146, 'FY2026020146', 146, '2026-02', 337.00, 337.00, 'PAID', '2026-02-25', '2026-02-22 15:20:00', '账单已同步至业主微信群与物业管家。 本月已按时结清。', '2026-02-01 08:30:00', '2026-02-22 15:20:00'),
    (147, 'FY2026020147', 147, '2026-02', 337.00, 337.00, 'PAID', '2026-02-25', '2026-02-21 15:20:00', '支持物业前台、微信或银行转账缴费。 本月已按时结清。', '2026-02-01 08:30:00', '2026-02-21 15:20:00'),
    (148, 'FY2026020148', 148, '2026-02', 368.00, 368.00, 'PAID', '2026-02-25', '2026-02-20 15:20:00', '物业服务费按月计收，已含公区照明与保洁。 本月已按时结清。', '2026-02-01 08:30:00', '2026-02-20 15:20:00'),
    (149, 'FY2026020149', 149, '2026-02', 368.00, 368.00, 'PAID', '2026-02-25', '2026-02-19 15:20:00', '本月含公共能耗分摊费用。 本月已按时结清。', '2026-02-01 08:30:00', '2026-02-19 15:20:00'),
    (150, 'FY2026020150', 150, '2026-02', 406.75, 406.75, 'PAID', '2026-02-25', '2026-02-24 15:20:00', '账单已同步至业主微信群与物业管家。 本月已按时结清。', '2026-02-01 08:30:00', '2026-02-24 15:20:00'),
    (151, 'FY2026020151', 151, '2026-02', 406.75, 0.00, 'UNPAID', '2026-02-25', NULL, '支持物业前台、微信或银行转账缴费。 账单待住户处理。', '2026-02-01 08:30:00', '2026-03-04 09:00:00'),
    (152, 'FY2026020152', 152, '2026-02', 337.00, 0.00, 'UNPAID', '2026-02-25', NULL, '物业服务费按月计收，已含公区照明与保洁。 账单待住户处理。', '2026-02-01 08:30:00', '2026-03-04 09:00:00'),
    (153, 'FY2026020153', 153, '2026-02', 337.00, 0.00, 'UNPAID', '2026-02-25', NULL, '本月含公共能耗分摊费用。 账单待住户处理。', '2026-02-01 08:30:00', '2026-03-04 09:00:00'),
    (154, 'FY2026020154', 154, '2026-02', 368.00, 0.00, 'UNPAID', '2026-02-25', NULL, '账单已同步至业主微信群与物业管家。 账单待住户处理。', '2026-02-01 08:30:00', '2026-03-04 09:00:00'),
    (155, 'FY2026020155', 155, '2026-02', 368.00, 0.00, 'UNPAID', '2026-02-25', NULL, '支持物业前台、微信或银行转账缴费。 账单待住户处理。', '2026-02-01 08:30:00', '2026-03-04 09:00:00'),
    (156, 'FY2026020156', 156, '2026-02', 406.75, 0.00, 'UNPAID', '2026-02-25', NULL, '物业服务费按月计收，已含公区照明与保洁。 账单待住户处理。', '2026-02-01 08:30:00', '2026-03-04 09:00:00'),
    (157, 'FY2026020157', 157, '2026-02', 406.75, 0.00, 'UNPAID', '2026-02-25', NULL, '本月含公共能耗分摊费用。 账单待住户处理。', '2026-02-01 08:30:00', '2026-03-04 09:00:00'),
    (158, 'FY2026020158', 158, '2026-02', 337.00, 0.00, 'UNPAID', '2026-02-25', NULL, '账单已同步至业主微信群与物业管家。 账单待住户处理。', '2026-02-01 08:30:00', '2026-03-04 09:00:00'),
    (159, 'FY2026020159', 159, '2026-02', 337.00, 0.00, 'UNPAID', '2026-02-25', NULL, '支持物业前台、微信或银行转账缴费。 账单待住户处理。', '2026-02-01 08:30:00', '2026-03-04 09:00:00'),
    (160, 'FY2026020160', 160, '2026-02', 368.00, 0.00, 'UNPAID', '2026-02-25', NULL, '物业服务费按月计收，已含公区照明与保洁。 账单待住户处理。', '2026-02-01 08:30:00', '2026-03-04 09:00:00');
INSERT INTO fee_bills (id, bill_no, unit_id, billing_month, amount, paid_amount, status, due_date, paid_at, remarks, created_at, updated_at) VALUES
    (161, 'FY2026030161', 161, '2026-03', 392.56, 0.00, 'UNPAID', '2026-03-25', NULL, '本月含公共能耗分摊费用。 账单待住户处理。', '2026-03-01 08:30:00', '2026-04-01 09:00:00'),
    (162, 'FY2026030162', 162, '2026-03', 445.04, 0.00, 'UNPAID', '2026-03-25', NULL, '账单已同步至业主微信群与物业管家。 账单待住户处理。', '2026-03-01 08:30:00', '2026-04-01 09:00:00'),
    (163, 'FY2026030163', 163, '2026-03', 445.04, 0.00, 'UNPAID', '2026-03-25', NULL, '支持物业前台、微信或银行转账缴费。 账单待住户处理。', '2026-03-01 08:30:00', '2026-04-01 09:00:00'),
    (164, 'FY2026030164', 164, '2026-03', 351.56, 0.00, 'UNPAID', '2026-03-25', NULL, '物业服务费按月计收，已含公区照明与保洁。 账单待住户处理。', '2026-03-01 08:30:00', '2026-04-01 09:00:00'),
    (165, 'FY2026030165', 165, '2026-03', 351.56, 0.00, 'UNPAID', '2026-03-25', NULL, '本月含公共能耗分摊费用。 账单待住户处理。', '2026-03-01 08:30:00', '2026-04-01 09:00:00'),
    (166, 'FY2026030166', 166, '2026-03', 392.56, 0.00, 'UNPAID', '2026-03-25', NULL, '账单已同步至业主微信群与物业管家。 账单待住户处理。', '2026-03-01 08:30:00', '2026-04-01 09:00:00'),
    (167, 'FY2026030167', 167, '2026-03', 392.56, 0.00, 'UNPAID', '2026-03-25', NULL, '支持物业前台、微信或银行转账缴费。 账单待住户处理。', '2026-03-01 08:30:00', '2026-04-01 09:00:00'),
    (168, 'FY2026030168', 168, '2026-03', 445.04, 0.00, 'UNPAID', '2026-03-25', NULL, '物业服务费按月计收，已含公区照明与保洁。 账单待住户处理。', '2026-03-01 08:30:00', '2026-04-01 09:00:00'),
    (169, 'FY2026030169', 169, '2026-03', 445.04, 0.00, 'UNPAID', '2026-03-25', NULL, '本月含公共能耗分摊费用。 账单待住户处理。', '2026-03-01 08:30:00', '2026-04-01 09:00:00'),
    (170, 'FY2026030170', 170, '2026-03', 351.56, 0.00, 'UNPAID', '2026-03-25', NULL, '账单已同步至业主微信群与物业管家。 账单待住户处理。', '2026-03-01 08:30:00', '2026-04-01 09:00:00'),
    (171, 'FY2026030171', 171, '2026-03', 351.56, 0.00, 'UNPAID', '2026-03-25', NULL, '支持物业前台、微信或银行转账缴费。 账单待住户处理。', '2026-03-01 08:30:00', '2026-04-01 09:00:00'),
    (172, 'FY2026030172', 172, '2026-03', 392.56, 0.00, 'UNPAID', '2026-03-25', NULL, '物业服务费按月计收，已含公区照明与保洁。 账单待住户处理。', '2026-03-01 08:30:00', '2026-04-01 09:00:00'),
    (173, 'FY2026030173', 173, '2026-03', 392.56, 0.00, 'UNPAID', '2026-03-25', NULL, '本月含公共能耗分摊费用。 账单待住户处理。', '2026-03-01 08:30:00', '2026-04-01 09:00:00'),
    (174, 'FY2026030174', 174, '2026-03', 445.04, 0.00, 'UNPAID', '2026-03-25', NULL, '账单已同步至业主微信群与物业管家。 账单待住户处理。', '2026-03-01 08:30:00', '2026-04-01 09:00:00'),
    (175, 'FY2026030175', 175, '2026-03', 445.04, 0.00, 'UNPAID', '2026-03-25', NULL, '支持物业前台、微信或银行转账缴费。 账单待住户处理。', '2026-03-01 08:30:00', '2026-04-01 09:00:00'),
    (176, 'FY2026030176', 176, '2026-03', 351.56, 0.00, 'UNPAID', '2026-03-25', NULL, '物业服务费按月计收，已含公区照明与保洁。 账单待住户处理。', '2026-03-01 08:30:00', '2026-04-01 09:00:00'),
    (177, 'FY2026030177', 177, '2026-03', 351.56, 0.00, 'UNPAID', '2026-03-25', NULL, '本月含公共能耗分摊费用。 账单待住户处理。', '2026-03-01 08:30:00', '2026-04-01 09:00:00'),
    (178, 'FY2026030178', 178, '2026-03', 392.56, 0.00, 'UNPAID', '2026-03-25', NULL, '账单已同步至业主微信群与物业管家。 账单待住户处理。', '2026-03-01 08:30:00', '2026-04-01 09:00:00'),
    (179, 'FY2026030179', 179, '2026-03', 392.56, 0.00, 'UNPAID', '2026-03-25', NULL, '支持物业前台、微信或银行转账缴费。 账单待住户处理。', '2026-03-01 08:30:00', '2026-04-01 09:00:00'),
    (180, 'FY2026030180', 180, '2026-03', 445.04, 0.00, 'UNPAID', '2026-03-25', NULL, '物业服务费按月计收，已含公区照明与保洁。 账单待住户处理。', '2026-03-01 08:30:00', '2026-04-01 09:00:00'),
    (181, 'FY2026030181', 181, '2026-03', 362.48, 0.00, 'UNPAID', '2026-03-25', NULL, '本月含公共能耗分摊费用。 账单待住户处理。', '2026-03-01 08:30:00', '2026-04-01 09:00:00'),
    (182, 'FY2026030182', 182, '2026-03', 397.08, 0.00, 'UNPAID', '2026-03-25', NULL, '账单已同步至业主微信群与物业管家。 账单待住户处理。', '2026-03-01 08:30:00', '2026-04-01 09:00:00'),
    (183, 'FY2026030183', 183, '2026-03', 397.08, 0.00, 'UNPAID', '2026-03-25', NULL, '支持物业前台、微信或银行转账缴费。 账单待住户处理。', '2026-03-01 08:30:00', '2026-04-01 09:00:00'),
    (184, 'FY2026030184', 184, '2026-03', 440.33, 0.00, 'UNPAID', '2026-03-25', NULL, '物业服务费按月计收，已含公区照明与保洁。 账单待住户处理。', '2026-03-01 08:30:00', '2026-04-01 09:00:00'),
    (185, 'FY2026030185', 185, '2026-03', 440.33, 0.00, 'UNPAID', '2026-03-25', NULL, '本月含公共能耗分摊费用。 账单待住户处理。', '2026-03-01 08:30:00', '2026-04-01 09:00:00'),
    (186, 'FY2026030186', 186, '2026-03', 362.48, 0.00, 'UNPAID', '2026-03-25', NULL, '账单已同步至业主微信群与物业管家。 账单待住户处理。', '2026-03-01 08:30:00', '2026-04-01 09:00:00'),
    (187, 'FY2026030187', 187, '2026-03', 362.48, 0.00, 'UNPAID', '2026-03-25', NULL, '支持物业前台、微信或银行转账缴费。 账单待住户处理。', '2026-03-01 08:30:00', '2026-04-01 09:00:00'),
    (188, 'FY2026030188', 188, '2026-03', 397.08, 0.00, 'UNPAID', '2026-03-25', NULL, '物业服务费按月计收，已含公区照明与保洁。 账单待住户处理。', '2026-03-01 08:30:00', '2026-04-01 09:00:00'),
    (189, 'FY2026030189', 189, '2026-03', 397.08, 0.00, 'UNPAID', '2026-03-25', NULL, '本月含公共能耗分摊费用。 账单待住户处理。', '2026-03-01 08:30:00', '2026-04-01 09:00:00'),
    (190, 'FY2026030190', 190, '2026-03', 440.33, 0.00, 'UNPAID', '2026-03-25', NULL, '账单已同步至业主微信群与物业管家。 账单待住户处理。', '2026-03-01 08:30:00', '2026-04-01 09:00:00'),
    (191, 'FY2026030191', 191, '2026-03', 440.33, 0.00, 'UNPAID', '2026-03-25', NULL, '支持物业前台、微信或银行转账缴费。 账单待住户处理。', '2026-03-01 08:30:00', '2026-04-01 09:00:00'),
    (192, 'FY2026030192', 192, '2026-03', 362.48, 0.00, 'UNPAID', '2026-03-25', NULL, '物业服务费按月计收，已含公区照明与保洁。 账单待住户处理。', '2026-03-01 08:30:00', '2026-04-01 09:00:00'),
    (193, 'FY2026030193', 193, '2026-03', 362.48, 0.00, 'UNPAID', '2026-03-25', NULL, '本月含公共能耗分摊费用。 账单待住户处理。', '2026-03-01 08:30:00', '2026-04-01 09:00:00'),
    (194, 'FY2026030194', 194, '2026-03', 397.08, 0.00, 'UNPAID', '2026-03-25', NULL, '账单已同步至业主微信群与物业管家。 账单待住户处理。', '2026-03-01 08:30:00', '2026-04-01 09:00:00'),
    (195, 'FY2026030195', 195, '2026-03', 397.08, 0.00, 'UNPAID', '2026-03-25', NULL, '支持物业前台、微信或银行转账缴费。 账单待住户处理。', '2026-03-01 08:30:00', '2026-04-01 09:00:00'),
    (196, 'FY2026030196', 196, '2026-03', 440.33, 242.18, 'PARTIAL', '2026-03-25', '2026-03-23 11:10:00', '物业服务费按月计收，已含公区照明与保洁。 已收到部分款项，待补缴剩余金额。', '2026-03-01 08:30:00', '2026-03-23 11:10:00'),
    (197, 'FY2026030197', 197, '2026-03', 440.33, 286.21, 'PARTIAL', '2026-03-25', '2026-03-23 11:10:00', '本月含公共能耗分摊费用。 已收到部分款项，待补缴剩余金额。', '2026-03-01 08:30:00', '2026-03-23 11:10:00'),
    (198, 'FY2026030198', 198, '2026-03', 362.48, 163.12, 'PARTIAL', '2026-03-25', '2026-03-23 11:10:00', '账单已同步至业主微信群与物业管家。 已收到部分款项，待补缴剩余金额。', '2026-03-01 08:30:00', '2026-03-23 11:10:00'),
    (199, 'FY2026030199', 199, '2026-03', 362.48, 199.36, 'PARTIAL', '2026-03-25', '2026-03-23 11:10:00', '支持物业前台、微信或银行转账缴费。 已收到部分款项，待补缴剩余金额。', '2026-03-01 08:30:00', '2026-03-23 11:10:00'),
    (200, 'FY2026030200', 200, '2026-03', 397.08, 258.10, 'PARTIAL', '2026-03-25', '2026-03-23 11:10:00', '物业服务费按月计收，已含公区照明与保洁。 已收到部分款项，待补缴剩余金额。', '2026-03-01 08:30:00', '2026-03-23 11:10:00'),
    (201, 'FY2026030201', 201, '2026-03', 443.84, 199.73, 'PARTIAL', '2026-03-25', '2026-03-23 11:10:00', '本月含公共能耗分摊费用。 已收到部分款项，待补缴剩余金额。', '2026-03-01 08:30:00', '2026-03-23 11:10:00'),
    (202, 'FY2026030202', 202, '2026-03', 502.08, 276.14, 'PARTIAL', '2026-03-25', '2026-03-23 11:10:00', '账单已同步至业主微信群与物业管家。 已收到部分款项，待补缴剩余金额。', '2026-03-01 08:30:00', '2026-03-23 11:10:00'),
    (203, 'FY2026030203', 203, '2026-03', 502.08, 326.35, 'PARTIAL', '2026-03-25', '2026-03-23 11:10:00', '支持物业前台、微信或银行转账缴费。 已收到部分款项，待补缴剩余金额。', '2026-03-01 08:30:00', '2026-03-23 11:10:00'),
    (204, 'FY2026030204', 204, '2026-03', 398.34, 179.25, 'PARTIAL', '2026-03-25', '2026-03-23 11:10:00', '物业服务费按月计收，已含公区照明与保洁。 已收到部分款项，待补缴剩余金额。', '2026-03-01 08:30:00', '2026-03-23 11:10:00'),
    (205, 'FY2026030205', 205, '2026-03', 398.34, 219.09, 'PARTIAL', '2026-03-25', '2026-03-23 11:10:00', '本月含公共能耗分摊费用。 已收到部分款项，待补缴剩余金额。', '2026-03-01 08:30:00', '2026-03-23 11:10:00'),
    (206, 'FY2026030206', 206, '2026-03', 443.84, 288.50, 'PARTIAL', '2026-03-25', '2026-03-23 11:10:00', '账单已同步至业主微信群与物业管家。 已收到部分款项，待补缴剩余金额。', '2026-03-01 08:30:00', '2026-03-23 11:10:00'),
    (207, 'FY2026030207', 207, '2026-03', 443.84, 199.73, 'PARTIAL', '2026-03-25', '2026-03-23 11:10:00', '支持物业前台、微信或银行转账缴费。 已收到部分款项，待补缴剩余金额。', '2026-03-01 08:30:00', '2026-03-23 11:10:00'),
    (208, 'FY2026030208', 208, '2026-03', 502.08, 276.14, 'PARTIAL', '2026-03-25', '2026-03-23 11:10:00', '物业服务费按月计收，已含公区照明与保洁。 已收到部分款项，待补缴剩余金额。', '2026-03-01 08:30:00', '2026-03-23 11:10:00'),
    (209, 'FY2026030209', 209, '2026-03', 502.08, 326.35, 'PARTIAL', '2026-03-25', '2026-03-23 11:10:00', '本月含公共能耗分摊费用。 已收到部分款项，待补缴剩余金额。', '2026-03-01 08:30:00', '2026-03-23 11:10:00'),
    (210, 'FY2026030210', 210, '2026-03', 398.34, 179.25, 'PARTIAL', '2026-03-25', '2026-03-23 11:10:00', '账单已同步至业主微信群与物业管家。 已收到部分款项，待补缴剩余金额。', '2026-03-01 08:30:00', '2026-03-23 11:10:00'),
    (211, 'FY2026030211', 211, '2026-03', 398.34, 219.09, 'PARTIAL', '2026-03-25', '2026-03-23 11:10:00', '支持物业前台、微信或银行转账缴费。 已收到部分款项，待补缴剩余金额。', '2026-03-01 08:30:00', '2026-03-23 11:10:00'),
    (212, 'FY2026030212', 212, '2026-03', 443.84, 288.50, 'PARTIAL', '2026-03-25', '2026-03-23 11:10:00', '物业服务费按月计收，已含公区照明与保洁。 已收到部分款项，待补缴剩余金额。', '2026-03-01 08:30:00', '2026-03-23 11:10:00'),
    (213, 'FY2026030213', 213, '2026-03', 443.84, 199.73, 'PARTIAL', '2026-03-25', '2026-03-23 11:10:00', '本月含公共能耗分摊费用。 已收到部分款项，待补缴剩余金额。', '2026-03-01 08:30:00', '2026-03-23 11:10:00'),
    (214, 'FY2026030214', 214, '2026-03', 502.08, 276.14, 'PARTIAL', '2026-03-25', '2026-03-23 11:10:00', '账单已同步至业主微信群与物业管家。 已收到部分款项，待补缴剩余金额。', '2026-03-01 08:30:00', '2026-03-23 11:10:00'),
    (215, 'FY2026030215', 215, '2026-03', 502.08, 326.35, 'PARTIAL', '2026-03-25', '2026-03-23 11:10:00', '支持物业前台、微信或银行转账缴费。 已收到部分款项，待补缴剩余金额。', '2026-03-01 08:30:00', '2026-03-23 11:10:00'),
    (216, 'FY2026030216', 216, '2026-03', 398.34, 179.25, 'PARTIAL', '2026-03-25', '2026-03-23 11:10:00', '物业服务费按月计收，已含公区照明与保洁。 已收到部分款项，待补缴剩余金额。', '2026-03-01 08:30:00', '2026-03-23 11:10:00'),
    (217, 'FY2026030217', 217, '2026-03', 398.34, 219.09, 'PARTIAL', '2026-03-25', '2026-03-23 11:10:00', '本月含公共能耗分摊费用。 已收到部分款项，待补缴剩余金额。', '2026-03-01 08:30:00', '2026-03-23 11:10:00'),
    (218, 'FY2026030218', 218, '2026-03', 443.84, 288.50, 'PARTIAL', '2026-03-25', '2026-03-23 11:10:00', '账单已同步至业主微信群与物业管家。 已收到部分款项，待补缴剩余金额。', '2026-03-01 08:30:00', '2026-03-23 11:10:00'),
    (219, 'FY2026030219', 219, '2026-03', 443.84, 199.73, 'PARTIAL', '2026-03-25', '2026-03-23 11:10:00', '支持物业前台、微信或银行转账缴费。 已收到部分款项，待补缴剩余金额。', '2026-03-01 08:30:00', '2026-03-23 11:10:00'),
    (220, 'FY2026030220', 220, '2026-03', 502.08, 276.14, 'PARTIAL', '2026-03-25', '2026-03-23 11:10:00', '物业服务费按月计收，已含公区照明与保洁。 已收到部分款项，待补缴剩余金额。', '2026-03-01 08:30:00', '2026-03-23 11:10:00'),
    (221, 'FY2026030221', 221, '2026-03', 324.60, 0.00, 'OVERDUE', '2026-03-25', NULL, '本月含公共能耗分摊费用。 已超过缴费期限，物业已电话提醒。', '2026-03-01 08:30:00', '2026-04-01 09:00:00'),
    (222, 'FY2026030222', 222, '2026-03', 355.60, 0.00, 'OVERDUE', '2026-03-25', NULL, '账单已同步至业主微信群与物业管家。 已超过缴费期限，物业已电话提醒。', '2026-03-01 08:30:00', '2026-04-01 09:00:00'),
    (223, 'FY2026030223', 223, '2026-03', 355.60, 0.00, 'OVERDUE', '2026-03-25', NULL, '支持物业前台、微信或银行转账缴费。 已超过缴费期限，物业已电话提醒。', '2026-03-01 08:30:00', '2026-04-01 09:00:00'),
    (224, 'FY2026030224', 224, '2026-03', 394.35, 0.00, 'OVERDUE', '2026-03-25', NULL, '物业服务费按月计收，已含公区照明与保洁。 已超过缴费期限，物业已电话提醒。', '2026-03-01 08:30:00', '2026-04-01 09:00:00'),
    (225, 'FY2026030225', 225, '2026-03', 394.35, 0.00, 'OVERDUE', '2026-03-25', NULL, '本月含公共能耗分摊费用。 已超过缴费期限，物业已电话提醒。', '2026-03-01 08:30:00', '2026-04-01 09:00:00'),
    (226, 'FY2026030226', 226, '2026-03', 324.60, 0.00, 'OVERDUE', '2026-03-25', NULL, '账单已同步至业主微信群与物业管家。 已超过缴费期限，物业已电话提醒。', '2026-03-01 08:30:00', '2026-04-01 09:00:00'),
    (227, 'FY2026030227', 227, '2026-03', 324.60, 0.00, 'OVERDUE', '2026-03-25', NULL, '支持物业前台、微信或银行转账缴费。 已超过缴费期限，物业已电话提醒。', '2026-03-01 08:30:00', '2026-04-01 09:00:00'),
    (228, 'FY2026030228', 228, '2026-03', 355.60, 0.00, 'OVERDUE', '2026-03-25', NULL, '物业服务费按月计收，已含公区照明与保洁。 已超过缴费期限，物业已电话提醒。', '2026-03-01 08:30:00', '2026-04-01 09:00:00'),
    (229, 'FY2026030229', 229, '2026-03', 355.60, 0.00, 'OVERDUE', '2026-03-25', NULL, '本月含公共能耗分摊费用。 已超过缴费期限，物业已电话提醒。', '2026-03-01 08:30:00', '2026-04-01 09:00:00'),
    (230, 'FY2026030230', 230, '2026-03', 394.35, 0.00, 'OVERDUE', '2026-03-25', NULL, '账单已同步至业主微信群与物业管家。 已超过缴费期限，物业已电话提醒。', '2026-03-01 08:30:00', '2026-04-01 09:00:00'),
    (231, 'FY2026030231', 231, '2026-03', 394.35, 0.00, 'OVERDUE', '2026-03-25', NULL, '支持物业前台、微信或银行转账缴费。 已超过缴费期限，物业已电话提醒。', '2026-03-01 08:30:00', '2026-04-01 09:00:00'),
    (232, 'FY2026030232', 232, '2026-03', 324.60, 0.00, 'OVERDUE', '2026-03-25', NULL, '物业服务费按月计收，已含公区照明与保洁。 已超过缴费期限，物业已电话提醒。', '2026-03-01 08:30:00', '2026-04-01 09:00:00'),
    (233, 'FY2026030233', 233, '2026-03', 324.60, 0.00, 'OVERDUE', '2026-03-25', NULL, '本月含公共能耗分摊费用。 已超过缴费期限，物业已电话提醒。', '2026-03-01 08:30:00', '2026-04-01 09:00:00'),
    (234, 'FY2026030234', 234, '2026-03', 355.60, 0.00, 'OVERDUE', '2026-03-25', NULL, '账单已同步至业主微信群与物业管家。 已超过缴费期限，物业已电话提醒。', '2026-03-01 08:30:00', '2026-04-01 09:00:00'),
    (235, 'FY2026030235', 235, '2026-03', 355.60, 0.00, 'OVERDUE', '2026-03-25', NULL, '支持物业前台、微信或银行转账缴费。 已超过缴费期限，物业已电话提醒。', '2026-03-01 08:30:00', '2026-04-01 09:00:00'),
    (236, 'FY2026030236', 236, '2026-03', 394.35, 0.00, 'OVERDUE', '2026-03-25', NULL, '物业服务费按月计收，已含公区照明与保洁。 已超过缴费期限，物业已电话提醒。', '2026-03-01 08:30:00', '2026-04-01 09:00:00'),
    (237, 'FY2026030237', 237, '2026-03', 394.35, 0.00, 'OVERDUE', '2026-03-25', NULL, '本月含公共能耗分摊费用。 已超过缴费期限，物业已电话提醒。', '2026-03-01 08:30:00', '2026-04-01 09:00:00'),
    (238, 'FY2026030238', 238, '2026-03', 324.60, 0.00, 'OVERDUE', '2026-03-25', NULL, '账单已同步至业主微信群与物业管家。 已超过缴费期限，物业已电话提醒。', '2026-03-01 08:30:00', '2026-04-01 09:00:00'),
    (239, 'FY2026030239', 239, '2026-03', 324.60, 0.00, 'OVERDUE', '2026-03-25', NULL, '支持物业前台、微信或银行转账缴费。 已超过缴费期限，物业已电话提醒。', '2026-03-01 08:30:00', '2026-04-01 09:00:00'),
    (240, 'FY2026030240', 240, '2026-03', 355.60, 0.00, 'OVERDUE', '2026-03-25', NULL, '物业服务费按月计收，已含公区照明与保洁。 已超过缴费期限，物业已电话提醒。', '2026-03-01 08:30:00', '2026-04-01 09:00:00');

INSERT INTO work_orders (id, order_no, unit_id, resident_name, phone, category, priority, description, status, assignee, scheduled_at, finished_at, created_at, updated_at) VALUES
    (1, 'GD20260001', 8, '周宇婷', '13531741820', '水电维修', 'HIGH', '住户反映厨房水槽下方有持续渗水，已影响橱柜底板，请尽快安排上门检修。', 'OPEN', NULL, NULL, NULL, '2026-01-05 10:00:00', '2026-01-05 10:00:00'),
    (2, 'GD20260002', 15, '郭彦', '17731797253', '门禁故障', 'HIGH', '单元门禁识别不稳定，门禁卡偶发无法刷开，晚间出入受影响。', 'OPEN', NULL, NULL, NULL, '2026-01-07 11:00:00', '2026-01-07 11:00:00'),
    (3, 'GD20260003', 22, '谢若杰', '13531852686', '管道疏通', 'HIGH', '卫生间地漏排水缓慢，伴随轻微返味，需安排师傅排查并疏通。', 'OPEN', NULL, NULL, NULL, '2026-01-09 12:00:00', '2026-01-09 12:00:00'),
    (4, 'GD20260004', 29, '曹子涛', '17731908119', '电梯报修', 'HIGH', '高峰时段电梯到站后关门反应偏慢，住户担心影响通行效率。 由 02栋501 住户反馈。', 'OPEN', NULL, NULL, NULL, '2026-01-11 13:00:00', '2026-01-11 13:00:00'),
    (5, 'GD20260005', 36, '潘雅涵', '13531963552', '照明维修', 'HIGH', '楼道感应灯频繁闪烁，夜间照明不足，建议尽快更换灯具。', 'OPEN', NULL, NULL, NULL, '2026-01-13 14:00:00', '2026-01-13 14:00:00'),
    (6, 'GD20260006', 43, '刘景辰', '17732018985', '空调检修', 'HIGH', '客厅空调制冷效果下降，运行噪声偏大，需要安排检测。', 'OPEN', NULL, NULL, NULL, '2026-01-15 15:00:00', '2026-01-15 15:00:00'),
    (7, 'GD20260007', 50, '徐文', '13532074418', '弱电网络', 'HIGH', '入户弱电箱线路松动，网络间歇性掉线，请协助排查。', 'OPEN', NULL, NULL, NULL, '2026-01-17 09:00:00', '2026-01-17 09:00:00'),
    (8, 'GD20260008', 57, '高承楠', '17732129851', '公共区域维护', 'HIGH', '楼层消防通道附近墙面有轻微渗水痕迹，需要物业现场查看。 位置为 03栋901 所在楼层附近。', 'OPEN', NULL, NULL, NULL, '2026-01-19 10:00:00', '2026-01-19 10:00:00'),
    (9, 'GD20260009', 64, '唐心杰', '13532185284', '水电维修', 'HIGH', '住户反映厨房水槽下方有持续渗水，已影响橱柜底板，请尽快安排上门检修。', 'OPEN', NULL, NULL, NULL, '2026-01-21 11:00:00', '2026-01-21 11:00:00'),
    (10, 'GD20260010', 71, '曾奕涛', '17732240717', '门禁故障', 'HIGH', '单元门禁识别不稳定，门禁卡偶发无法刷开，晚间出入受影响。', 'OPEN', NULL, NULL, NULL, '2026-01-23 12:00:00', '2026-01-23 12:00:00'),
    (11, 'GD20260011', 78, '蒋宇涵', '13532296150', '管道疏通', 'HIGH', '卫生间地漏排水缓慢，伴随轻微返味，需安排师傅排查并疏通。', 'OPEN', NULL, NULL, NULL, '2026-01-25 13:00:00', '2026-01-25 13:00:00'),
    (12, 'GD20260012', 85, '杨彦', '17732351583', '电梯报修', 'HIGH', '高峰时段电梯到站后关门反应偏慢，住户担心影响通行效率。 由 05栋301 住户反馈。', 'OPEN', NULL, NULL, NULL, '2026-01-27 14:00:00', '2026-01-27 14:00:00'),
    (13, 'GD20260013', 92, '朱若婷', '13532407016', '照明维修', 'HIGH', '楼道感应灯频繁闪烁，夜间照明不足，建议尽快更换灯具。', 'OPEN', NULL, NULL, NULL, '2026-01-29 15:00:00', '2026-01-29 15:00:00'),
    (14, 'GD20260014', 99, '罗子楠', '17732462449', '空调检修', 'HIGH', '客厅空调制冷效果下降，运行噪声偏大，需要安排检测。', 'OPEN', NULL, NULL, NULL, '2026-01-31 09:00:00', '2026-01-31 09:00:00'),
    (15, 'GD20260015', 106, '韩雅杰', '13532517882', '弱电网络', 'HIGH', '入户弱电箱线路松动，网络间歇性掉线，请协助排查。', 'OPEN', NULL, NULL, NULL, '2026-02-02 10:00:00', '2026-02-02 10:00:00'),
    (16, 'GD20260016', 113, '田景涛', '17732573315', '公共区域维护', 'HIGH', '楼层消防通道附近墙面有轻微渗水痕迹，需要物业现场查看。 位置为 06栋701 所在楼层附近。', 'OPEN', NULL, NULL, NULL, '2026-02-04 11:00:00', '2026-02-04 11:00:00'),
    (17, 'GD20260017', 120, '王文', '13532628748', '水电维修', 'HIGH', '住户反映厨房水槽下方有持续渗水，已影响橱柜底板，请尽快安排上门检修。', 'OPEN', NULL, NULL, NULL, '2026-02-06 12:00:00', '2026-02-06 12:00:00'),
    (18, 'GD20260018', 127, '赵承辰', '17732684181', '门禁故障', 'HIGH', '单元门禁识别不稳定，门禁卡偶发无法刷开，晚间出入受影响。', 'OPEN', NULL, NULL, NULL, '2026-02-08 13:00:00', '2026-02-08 13:00:00'),
    (19, 'GD20260019', 134, '胡心杰', '13532739614', '管道疏通', 'HIGH', '卫生间地漏排水缓慢，伴随轻微返味，需安排师傅排查并疏通。', 'IN_PROGRESS', '赵师傅', '2026-02-10 21:00:00', NULL, '2026-02-10 14:00:00', '2026-02-10 21:00:00'),
    (20, 'GD20260020', 141, '梁奕涛', '17732795047', '电梯报修', 'HIGH', '高峰时段电梯到站后关门反应偏慢，住户担心影响通行效率。 由 08栋101 住户反馈。', 'IN_PROGRESS', '周管家', '2026-02-12 23:00:00', NULL, '2026-02-12 15:00:00', '2026-02-12 23:00:00'),
    (21, 'GD20260021', 148, '邓宇涵', '13532850480', '照明维修', 'HIGH', '楼道感应灯频繁闪烁，夜间照明不足，建议尽快更换灯具。', 'IN_PROGRESS', '徐工', '2026-02-14 18:00:00', NULL, '2026-02-14 09:00:00', '2026-02-14 18:00:00'),
    (22, 'GD20260022', 155, '袁彦', '17732905913', '空调检修', 'HIGH', '客厅空调制冷效果下降，运行噪声偏大，需要安排检测。', 'IN_PROGRESS', '郭工', '2026-02-16 20:00:00', NULL, '2026-02-16 10:00:00', '2026-02-16 20:00:00'),
    (23, 'GD20260023', 162, '张若婷', '13532961346', '弱电网络', 'HIGH', '入户弱电箱线路松动，网络间歇性掉线，请协助排查。', 'IN_PROGRESS', '沈师傅', '2026-02-18 22:00:00', NULL, '2026-02-18 11:00:00', '2026-02-18 22:00:00'),
    (24, 'GD20260024', 169, '吴子楠', '17733016779', '公共区域维护', 'HIGH', '楼层消防通道附近墙面有轻微渗水痕迹，需要物业现场查看。 位置为 09栋501 所在楼层附近。', 'IN_PROGRESS', '陈师傅', '2026-02-21 00:00:00', NULL, '2026-02-20 12:00:00', '2026-02-21 00:00:00'),
    (25, 'GD20260025', 176, '何雅杰', '13533072212', '水电维修', 'HIGH', '住户反映厨房水槽下方有持续渗水，已影响橱柜底板，请尽快安排上门检修。', 'IN_PROGRESS', '李师傅', '2026-02-23 02:00:00', NULL, '2026-02-22 13:00:00', '2026-02-23 02:00:00'),
    (26, 'GD20260026', 3, '刘景楠', '19931702225', '门禁故障', 'MEDIUM', '单元门禁识别不稳定，门禁卡偶发无法刷开，晚间出入受影响。', 'IN_PROGRESS', '王师傅', '2026-02-25 04:00:00', NULL, '2026-02-24 14:00:00', '2026-02-25 04:00:00'),
    (27, 'GD20260027', 10, '徐文', '15831757658', '管道疏通', 'MEDIUM', '卫生间地漏排水缓慢，伴随轻微返味，需安排师傅排查并疏通。', 'IN_PROGRESS', '赵师傅', '2026-02-27 06:00:00', NULL, '2026-02-26 15:00:00', '2026-02-27 06:00:00'),
    (28, 'GD20260028', 17, '高承涛', '19931813091', '电梯报修', 'MEDIUM', '高峰时段电梯到站后关门反应偏慢，住户担心影响通行效率。 由 01栋901 住户反馈。', 'IN_PROGRESS', '周管家', '2026-03-01 01:00:00', NULL, '2026-02-28 09:00:00', '2026-03-01 01:00:00'),
    (29, 'GD20260029', 24, '唐心涵', '15831868524', '照明维修', 'MEDIUM', '楼道感应灯频繁闪烁，夜间照明不足，建议尽快更换灯具。', 'IN_PROGRESS', '徐工', '2026-03-03 03:00:00', NULL, '2026-03-02 10:00:00', '2026-03-03 03:00:00'),
    (30, 'GD20260030', 31, '曾奕辰', '19931923957', '空调检修', 'MEDIUM', '客厅空调制冷效果下降，运行噪声偏大，需要安排检测。', 'IN_PROGRESS', '郭工', '2026-03-05 05:00:00', NULL, '2026-03-04 11:00:00', '2026-03-05 05:00:00'),
    (31, 'GD20260031', 38, '蒋宇婷', '15831979390', '弱电网络', 'MEDIUM', '入户弱电箱线路松动，网络间歇性掉线，请协助排查。', 'IN_PROGRESS', '沈师傅', '2026-03-07 07:00:00', NULL, '2026-03-06 12:00:00', '2026-03-07 07:00:00'),
    (32, 'GD20260032', 45, '杨彦', '19932034823', '公共区域维护', 'MEDIUM', '楼层消防通道附近墙面有轻微渗水痕迹，需要物业现场查看。 位置为 03栋301 所在楼层附近。', 'IN_PROGRESS', '陈师傅', '2026-03-09 09:00:00', NULL, '2026-03-08 13:00:00', '2026-03-09 09:00:00'),
    (33, 'GD20260033', 52, '朱若杰', '15832090256', '水电维修', 'MEDIUM', '住户反映厨房水槽下方有持续渗水，已影响橱柜底板，请尽快安排上门检修。', 'IN_PROGRESS', '李师傅', '2026-03-11 11:00:00', NULL, '2026-03-10 14:00:00', '2026-03-11 11:00:00'),
    (34, 'GD20260034', 59, '罗子涛', '19932145689', '门禁故障', 'MEDIUM', '单元门禁识别不稳定，门禁卡偶发无法刷开，晚间出入受影响。', 'IN_PROGRESS', '王师傅', '2026-03-13 13:00:00', NULL, '2026-03-12 15:00:00', '2026-03-13 13:00:00'),
    (35, 'GD20260035', 66, '韩雅涵', '15832201122', '管道疏通', 'MEDIUM', '卫生间地漏排水缓慢，伴随轻微返味，需安排师傅排查并疏通。', 'IN_PROGRESS', '赵师傅', '2026-03-15 08:00:00', NULL, '2026-03-14 09:00:00', '2026-03-15 08:00:00'),
    (36, 'GD20260036', 73, '田景辰', '19932256555', '电梯报修', 'MEDIUM', '高峰时段电梯到站后关门反应偏慢，住户担心影响通行效率。 由 04栋701 住户反馈。', 'IN_PROGRESS', '周管家', '2026-03-16 16:00:00', NULL, '2026-03-16 10:00:00', '2026-03-16 16:00:00'),
    (37, 'GD20260037', 80, '王文', '15832311988', '照明维修', 'MEDIUM', '楼道感应灯频繁闪烁，夜间照明不足，建议尽快更换灯具。', 'IN_PROGRESS', '徐工', '2026-03-18 18:00:00', NULL, '2026-03-18 11:00:00', '2026-03-18 18:00:00'),
    (38, 'GD20260038', 87, '赵承楠', '19932367421', '空调检修', 'MEDIUM', '客厅空调制冷效果下降，运行噪声偏大，需要安排检测。', 'IN_PROGRESS', '郭工', '2026-03-20 20:00:00', NULL, '2026-03-20 12:00:00', '2026-03-20 20:00:00'),
    (39, 'GD20260039', 94, '胡心杰', '15832422854', '弱电网络', 'MEDIUM', '入户弱电箱线路松动，网络间歇性掉线，请协助排查。', 'IN_PROGRESS', '沈师傅', '2026-03-22 22:00:00', NULL, '2026-03-22 13:00:00', '2026-03-22 22:00:00'),
    (40, 'GD20260040', 101, '梁奕涛', '19932478287', '公共区域维护', 'MEDIUM', '楼层消防通道附近墙面有轻微渗水痕迹，需要物业现场查看。 位置为 06栋101 所在楼层附近。', 'IN_PROGRESS', '陈师傅', '2026-03-25 00:00:00', NULL, '2026-03-24 14:00:00', '2026-03-25 00:00:00'),
    (41, 'GD20260041', 108, '邓宇涵', '15832533720', '水电维修', 'MEDIUM', '住户反映厨房水槽下方有持续渗水，已影响橱柜底板，请尽快安排上门检修。', 'DONE', '李师傅', '2026-03-27 02:00:00', '2026-03-27 07:00:00', '2026-03-26 15:00:00', '2026-03-27 07:00:00'),
    (42, 'GD20260042', 115, '袁彦', '19932589153', '门禁故障', 'MEDIUM', '单元门禁识别不稳定，门禁卡偶发无法刷开，晚间出入受影响。', 'DONE', '王师傅', '2026-03-28 21:00:00', '2026-03-29 03:00:00', '2026-03-28 09:00:00', '2026-03-29 03:00:00'),
    (43, 'GD20260043', 122, '张若婷', '15832644586', '管道疏通', 'MEDIUM', '卫生间地漏排水缓慢，伴随轻微返味，需安排师傅排查并疏通。', 'DONE', '赵师傅', '2026-03-30 23:00:00', '2026-03-31 06:00:00', '2026-03-30 10:00:00', '2026-03-31 06:00:00'),
    (44, 'GD20260044', 129, '吴子楠', '19932700019', '电梯报修', 'MEDIUM', '高峰时段电梯到站后关门反应偏慢，住户担心影响通行效率。 由 07栋501 住户反馈。', 'DONE', '周管家', '2026-04-02 01:00:00', '2026-04-02 09:00:00', '2026-04-01 11:00:00', '2026-04-02 09:00:00'),
    (45, 'GD20260045', 136, '何雅涵', '15832755452', '照明维修', 'MEDIUM', '楼道感应灯频繁闪烁，夜间照明不足，建议尽快更换灯具。', 'DONE', '徐工', '2026-04-04 03:00:00', '2026-04-04 12:00:00', '2026-04-03 12:00:00', '2026-04-04 12:00:00'),
    (46, 'GD20260046', 143, '宋景辰', '19932810885', '空调检修', 'MEDIUM', '客厅空调制冷效果下降，运行噪声偏大，需要安排检测。', 'DONE', '郭工', '2026-04-06 05:00:00', '2026-04-06 15:00:00', '2026-04-05 13:00:00', '2026-04-06 15:00:00'),
    (47, 'GD20260047', 150, '彭文', '15832866318', '弱电网络', 'MEDIUM', '入户弱电箱线路松动，网络间歇性掉线，请协助排查。', 'DONE', '沈师傅', '2026-04-08 07:00:00', '2026-04-08 18:00:00', '2026-04-07 14:00:00', '2026-04-08 18:00:00'),
    (48, 'GD20260048', 157, '于承楠', '19932921751', '公共区域维护', 'MEDIUM', '楼层消防通道附近墙面有轻微渗水痕迹，需要物业现场查看。 位置为 08栋901 所在楼层附近。', 'DONE', '陈师傅', '2026-04-10 09:00:00', '2026-04-10 21:00:00', '2026-04-09 15:00:00', '2026-04-10 21:00:00'),
    (49, 'GD20260049', 164, '陈心杰', '15832977184', '水电维修', 'MEDIUM', '住户反映厨房水槽下方有持续渗水，已影响橱柜底板，请尽快安排上门检修。', 'DONE', '李师傅', '2026-04-12 04:00:00', '2026-04-12 17:00:00', '2026-04-11 09:00:00', '2026-04-12 17:00:00'),
    (50, 'GD20260050', 171, '孙奕涛', '19933032617', '门禁故障', 'MEDIUM', '单元门禁识别不稳定，门禁卡偶发无法刷开，晚间出入受影响。', 'DONE', '王师傅', '2026-04-14 06:00:00', '2026-04-14 10:00:00', '2026-04-13 10:00:00', '2026-04-14 10:00:00'),
    (51, 'GD20260051', 178, '林宇涵', '15833088050', '管道疏通', 'MEDIUM', '卫生间地漏排水缓慢，伴随轻微返味，需安排师傅排查并疏通。', 'DONE', '赵师傅', '2026-04-16 08:00:00', '2026-04-16 13:00:00', '2026-04-15 11:00:00', '2026-04-16 13:00:00'),
    (52, 'GD20260052', 5, '杨彦', '13831718063', '电梯报修', 'MEDIUM', '高峰时段电梯到站后关门反应偏慢，住户担心影响通行效率。 由 01栋301 住户反馈。', 'DONE', '周管家', '2026-04-18 10:00:00', '2026-04-18 16:00:00', '2026-04-17 12:00:00', '2026-04-18 16:00:00'),
    (53, 'GD20260053', 12, '朱若涵', '18831773496', '照明维修', 'MEDIUM', '楼道感应灯频繁闪烁，夜间照明不足，建议尽快更换灯具。', 'DONE', '徐工', '2026-04-20 12:00:00', '2026-04-20 19:00:00', '2026-04-19 13:00:00', '2026-04-20 19:00:00'),
    (54, 'GD20260054', 19, '罗子辰', '13831828929', '空调检修', 'MEDIUM', '客厅空调制冷效果下降，运行噪声偏大，需要安排检测。', 'DONE', '郭工', '2026-04-21 20:00:00', '2026-04-22 04:00:00', '2026-04-21 14:00:00', '2026-04-22 04:00:00'),
    (55, 'GD20260055', 26, '韩雅婷', '18831884362', '弱电网络', 'MEDIUM', '入户弱电箱线路松动，网络间歇性掉线，请协助排查。', 'DONE', '沈师傅', '2026-04-23 22:00:00', '2026-04-24 07:00:00', '2026-04-23 15:00:00', '2026-04-24 07:00:00'),
    (56, 'GD20260056', 33, '田景楠', '13831939795', '公共区域维护', 'MEDIUM', '楼层消防通道附近墙面有轻微渗水痕迹，需要物业现场查看。 位置为 02栋701 所在楼层附近。', 'DONE', '陈师傅', '2026-04-25 17:00:00', '2026-04-26 03:00:00', '2026-04-25 09:00:00', '2026-04-26 03:00:00'),
    (57, 'GD20260057', 40, '王文', '18831995228', '水电维修', 'MEDIUM', '住户反映厨房水槽下方有持续渗水，已影响橱柜底板，请尽快安排上门检修。', 'DONE', '李师傅', '2026-04-27 19:00:00', '2026-04-28 06:00:00', '2026-04-27 10:00:00', '2026-04-28 06:00:00'),
    (58, 'GD20260058', 47, '赵承涛', '13832050661', '门禁故障', 'MEDIUM', '单元门禁识别不稳定，门禁卡偶发无法刷开，晚间出入受影响。', 'DONE', '王师傅', '2026-04-29 21:00:00', '2026-04-30 09:00:00', '2026-04-29 11:00:00', '2026-04-30 09:00:00'),
    (59, 'GD20260059', 54, '胡心涵', '18832106094', '管道疏通', 'MEDIUM', '卫生间地漏排水缓慢，伴随轻微返味，需安排师傅排查并疏通。', 'DONE', '赵师傅', '2026-05-01 23:00:00', '2026-05-02 12:00:00', '2026-05-01 12:00:00', '2026-05-02 12:00:00'),
    (60, 'GD20260060', 61, '梁奕辰', '13832161527', '电梯报修', 'MEDIUM', '高峰时段电梯到站后关门反应偏慢，住户担心影响通行效率。 由 04栋101 住户反馈。', 'DONE', '周管家', '2026-05-04 01:00:00', '2026-05-04 05:00:00', '2026-05-03 13:00:00', '2026-05-04 05:00:00'),
    (61, 'GD20260061', 68, '邓宇婷', '18832216960', '照明维修', 'MEDIUM', '楼道感应灯频繁闪烁，夜间照明不足，建议尽快更换灯具。', 'DONE', '徐工', '2026-05-06 03:00:00', '2026-05-06 08:00:00', '2026-05-05 14:00:00', '2026-05-06 08:00:00'),
    (62, 'GD20260062', 75, '袁彦', '13832272393', '空调检修', 'MEDIUM', '客厅空调制冷效果下降，运行噪声偏大，需要安排检测。', 'DONE', '郭工', '2026-05-08 05:00:00', '2026-05-08 11:00:00', '2026-05-07 15:00:00', '2026-05-08 11:00:00'),
    (63, 'GD20260063', 82, '张若杰', '18832327826', '弱电网络', 'MEDIUM', '入户弱电箱线路松动，网络间歇性掉线，请协助排查。', 'DONE', '沈师傅', '2026-05-10 00:00:00', '2026-05-10 07:00:00', '2026-05-09 09:00:00', '2026-05-10 07:00:00'),
    (64, 'GD20260064', 89, '吴子涛', '13832383259', '公共区域维护', 'MEDIUM', '楼层消防通道附近墙面有轻微渗水痕迹，需要物业现场查看。 位置为 05栋501 所在楼层附近。', 'DONE', '陈师傅', '2026-05-12 02:00:00', '2026-05-12 10:00:00', '2026-05-11 10:00:00', '2026-05-12 10:00:00'),
    (65, 'GD20260065', 96, '何雅涵', '18832438692', '水电维修', 'MEDIUM', '住户反映厨房水槽下方有持续渗水，已影响橱柜底板，请尽快安排上门检修。', 'DONE', '李师傅', '2026-05-14 04:00:00', '2026-05-14 13:00:00', '2026-05-13 11:00:00', '2026-05-14 13:00:00'),
    (66, 'GD20260066', 103, '宋景辰', '13832494125', '门禁故障', 'MEDIUM', '单元门禁识别不稳定，门禁卡偶发无法刷开，晚间出入受影响。', 'DONE', '王师傅', '2026-05-16 06:00:00', '2026-05-16 16:00:00', '2026-05-15 12:00:00', '2026-05-16 16:00:00'),
    (67, 'GD20260067', 110, '彭文', '18832549558', '管道疏通', 'MEDIUM', '卫生间地漏排水缓慢，伴随轻微返味，需安排师傅排查并疏通。', 'DONE', '赵师傅', '2026-05-18 08:00:00', '2026-05-18 19:00:00', '2026-05-17 13:00:00', '2026-05-18 19:00:00'),
    (68, 'GD20260068', 117, '于承楠', '13832604991', '电梯报修', 'MEDIUM', '高峰时段电梯到站后关门反应偏慢，住户担心影响通行效率。 由 06栋901 住户反馈。', 'DONE', '周管家', '2026-05-20 10:00:00', '2026-05-20 22:00:00', '2026-05-19 14:00:00', '2026-05-20 22:00:00'),
    (69, 'GD20260069', 124, '陈心杰', '18832660424', '照明维修', 'MEDIUM', '楼道感应灯频繁闪烁，夜间照明不足，建议尽快更换灯具。', 'DONE', '徐工', '2026-05-22 12:00:00', '2026-05-23 01:00:00', '2026-05-21 15:00:00', '2026-05-23 01:00:00'),
    (70, 'GD20260070', 131, '孙奕辰', '13832715857', '空调检修', 'MEDIUM', '客厅空调制冷效果下降，运行噪声偏大，需要安排检测。', 'DONE', '郭工', '2026-05-24 07:00:00', '2026-05-24 11:00:00', '2026-05-23 09:00:00', '2026-05-24 11:00:00'),
    (71, 'GD20260071', 138, '林宇婷', '18832771290', '弱电网络', 'MEDIUM', '入户弱电箱线路松动，网络间歇性掉线，请协助排查。', 'DONE', '沈师傅', '2026-05-26 09:00:00', '2026-05-26 14:00:00', '2026-05-25 10:00:00', '2026-05-26 14:00:00'),
    (72, 'GD20260072', 145, '许彦', '13832826723', '公共区域维护', 'MEDIUM', '楼层消防通道附近墙面有轻微渗水痕迹，需要物业现场查看。 位置为 08栋301 所在楼层附近。', 'DONE', '陈师傅', '2026-05-27 17:00:00', '2026-05-27 23:00:00', '2026-05-27 11:00:00', '2026-05-27 23:00:00'),
    (73, 'GD20260073', 152, '肖若杰', '18832882156', '水电维修', 'MEDIUM', '住户反映厨房水槽下方有持续渗水，已影响橱柜底板，请尽快安排上门检修。', 'DONE', '李师傅', '2026-05-29 19:00:00', '2026-05-30 02:00:00', '2026-05-29 12:00:00', '2026-05-30 02:00:00'),
    (74, 'GD20260074', 159, '蔡子涛', '13832937589', '门禁故障', 'MEDIUM', '单元门禁识别不稳定，门禁卡偶发无法刷开，晚间出入受影响。', 'DONE', '王师傅', '2026-05-31 21:00:00', '2026-06-01 05:00:00', '2026-05-31 13:00:00', '2026-06-01 05:00:00'),
    (75, 'GD20260075', 166, '黄雅涵', '18832993022', '管道疏通', 'MEDIUM', '卫生间地漏排水缓慢，伴随轻微返味，需安排师傅排查并疏通。', 'DONE', '赵师傅', '2026-06-02 23:00:00', '2026-06-03 08:00:00', '2026-06-02 14:00:00', '2026-06-03 08:00:00'),
    (76, 'GD20260076', 173, '马景辰', '13833048455', '电梯报修', 'MEDIUM', '高峰时段电梯到站后关门反应偏慢，住户担心影响通行效率。 由 09栋701 住户反馈。', 'DONE', '周管家', '2026-06-05 01:00:00', '2026-06-05 11:00:00', '2026-06-04 15:00:00', '2026-06-05 11:00:00'),
    (77, 'GD20260077', 180, '郑文', '18833103888', '照明维修', 'MEDIUM', '楼道感应灯频繁闪烁，夜间照明不足，建议尽快更换灯具。', 'DONE', '徐工', '2026-06-06 20:00:00', '2026-06-07 07:00:00', '2026-06-06 09:00:00', '2026-06-07 07:00:00'),
    (78, 'GD20260078', 7, '赵承辰', '13631733901', '空调检修', 'MEDIUM', '客厅空调制冷效果下降，运行噪声偏大，需要安排检测。', 'DONE', '郭工', '2026-06-08 22:00:00', '2026-06-09 10:00:00', '2026-06-08 10:00:00', '2026-06-09 10:00:00'),
    (79, 'GD20260079', 14, '胡心婷', '18631789334', '弱电网络', 'MEDIUM', '入户弱电箱线路松动，网络间歇性掉线，请协助排查。', 'DONE', '沈师傅', '2026-06-11 00:00:00', '2026-06-11 13:00:00', '2026-06-10 11:00:00', '2026-06-11 13:00:00'),
    (80, 'GD20260080', 21, '梁奕楠', '13631844767', '公共区域维护', 'MEDIUM', '楼层消防通道附近墙面有轻微渗水痕迹，需要物业现场查看。 位置为 02栋101 所在楼层附近。', 'DONE', '陈师傅', '2026-06-13 02:00:00', '2026-06-13 06:00:00', '2026-06-12 12:00:00', '2026-06-13 06:00:00');
INSERT INTO work_orders (id, order_no, unit_id, resident_name, phone, category, priority, description, status, assignee, scheduled_at, finished_at, created_at, updated_at) VALUES
    (81, 'GD20260081', 28, '邓宇杰', '18631900200', '水电维修', 'MEDIUM', '住户反映厨房水槽下方有持续渗水，已影响橱柜底板，请尽快安排上门检修。', 'DONE', '李师傅', '2026-06-15 04:00:00', '2026-06-15 09:00:00', '2026-06-14 13:00:00', '2026-06-15 09:00:00'),
    (82, 'GD20260082', 35, '袁彦', '13631955633', '门禁故障', 'MEDIUM', '单元门禁识别不稳定，门禁卡偶发无法刷开，晚间出入受影响。', 'DONE', '王师傅', '2026-06-17 06:00:00', '2026-06-17 12:00:00', '2026-06-16 14:00:00', '2026-06-17 12:00:00'),
    (83, 'GD20260083', 42, '张若涵', '18632011066', '管道疏通', 'MEDIUM', '卫生间地漏排水缓慢，伴随轻微返味，需安排师傅排查并疏通。', 'DONE', '赵师傅', '2026-06-19 08:00:00', '2026-06-19 15:00:00', '2026-06-18 15:00:00', '2026-06-19 15:00:00'),
    (84, 'GD20260084', 49, '吴子辰', '13632066499', '电梯报修', 'MEDIUM', '高峰时段电梯到站后关门反应偏慢，住户担心影响通行效率。 由 03栋501 住户反馈。', 'DONE', '周管家', '2026-06-21 03:00:00', '2026-06-21 11:00:00', '2026-06-20 09:00:00', '2026-06-21 11:00:00'),
    (85, 'GD20260085', 56, '何雅婷', '18632121932', '照明维修', 'MEDIUM', '楼道感应灯频繁闪烁，夜间照明不足，建议尽快更换灯具。', 'DONE', '徐工', '2026-06-23 05:00:00', '2026-06-23 14:00:00', '2026-06-22 10:00:00', '2026-06-23 14:00:00'),
    (86, 'GD20260086', 63, '宋景楠', '13632177365', '空调检修', 'MEDIUM', '客厅空调制冷效果下降，运行噪声偏大，需要安排检测。', 'DONE', '郭工', '2026-06-25 07:00:00', '2026-06-25 17:00:00', '2026-06-24 11:00:00', '2026-06-25 17:00:00'),
    (87, 'GD20260087', 70, '彭文', '18632232798', '弱电网络', 'MEDIUM', '入户弱电箱线路松动，网络间歇性掉线，请协助排查。', 'DONE', '沈师傅', '2026-06-27 09:00:00', '2026-06-27 20:00:00', '2026-06-26 12:00:00', '2026-06-27 20:00:00'),
    (88, 'GD20260088', 77, '于承涛', '13632288231', '公共区域维护', 'MEDIUM', '楼层消防通道附近墙面有轻微渗水痕迹，需要物业现场查看。 位置为 04栋901 所在楼层附近。', 'DONE', '陈师傅', '2026-06-29 11:00:00', '2026-06-29 23:00:00', '2026-06-28 13:00:00', '2026-06-29 23:00:00'),
    (89, 'GD20260089', 84, '陈心涵', '18632343664', '水电维修', 'MEDIUM', '住户反映厨房水槽下方有持续渗水，已影响橱柜底板，请尽快安排上门检修。', 'DONE', '李师傅', '2026-07-01 13:00:00', '2026-07-02 02:00:00', '2026-06-30 14:00:00', '2026-07-02 02:00:00'),
    (90, 'GD20260090', 91, '孙奕辰', '13632399097', '门禁故障', 'MEDIUM', '单元门禁识别不稳定，门禁卡偶发无法刷开，晚间出入受影响。', 'DONE', '王师傅', '2026-07-02 21:00:00', '2026-07-03 01:00:00', '2026-07-02 15:00:00', '2026-07-03 01:00:00'),
    (91, 'GD20260091', 98, '林宇婷', '18632454530', '管道疏通', 'MEDIUM', '卫生间地漏排水缓慢，伴随轻微返味，需安排师傅排查并疏通。', 'DONE', '赵师傅', '2026-07-04 16:00:00', '2026-07-04 21:00:00', '2026-07-04 09:00:00', '2026-07-04 21:00:00'),
    (92, 'GD20260092', 105, '许彦', '13632509963', '电梯报修', 'MEDIUM', '高峰时段电梯到站后关门反应偏慢，住户担心影响通行效率。 由 06栋301 住户反馈。', 'DONE', '周管家', '2026-07-06 18:00:00', '2026-07-07 00:00:00', '2026-07-06 10:00:00', '2026-07-07 00:00:00'),
    (93, 'GD20260093', 112, '肖若杰', '18632565396', '照明维修', 'MEDIUM', '楼道感应灯频繁闪烁，夜间照明不足，建议尽快更换灯具。', 'DONE', '徐工', '2026-07-08 20:00:00', '2026-07-09 03:00:00', '2026-07-08 11:00:00', '2026-07-09 03:00:00'),
    (94, 'GD20260094', 119, '蔡子涛', '13632620829', '空调检修', 'MEDIUM', '客厅空调制冷效果下降，运行噪声偏大，需要安排检测。', 'DONE', '郭工', '2026-07-10 22:00:00', '2026-07-11 06:00:00', '2026-07-10 12:00:00', '2026-07-11 06:00:00'),
    (95, 'GD20260095', 126, '黄雅涵', '18632676262', '弱电网络', 'MEDIUM', '入户弱电箱线路松动，网络间歇性掉线，请协助排查。', 'DONE', '沈师傅', '2026-07-13 00:00:00', '2026-07-13 09:00:00', '2026-07-12 13:00:00', '2026-07-13 09:00:00'),
    (96, 'GD20260096', 133, '马景楠', '13632731695', '公共区域维护', 'MEDIUM', '楼层消防通道附近墙面有轻微渗水痕迹，需要物业现场查看。 位置为 07栋701 所在楼层附近。', 'DONE', '陈师傅', '2026-07-15 02:00:00', '2026-07-15 12:00:00', '2026-07-14 14:00:00', '2026-07-15 12:00:00'),
    (97, 'GD20260097', 140, '郑文', '18632787128', '水电维修', 'MEDIUM', '住户反映厨房水槽下方有持续渗水，已影响橱柜底板，请尽快安排上门检修。', 'DONE', '李师傅', '2026-07-17 04:00:00', '2026-07-17 15:00:00', '2026-07-16 15:00:00', '2026-07-17 15:00:00'),
    (98, 'GD20260098', 147, '冯承涛', '13632842561', '门禁故障', 'MEDIUM', '单元门禁识别不稳定，门禁卡偶发无法刷开，晚间出入受影响。', 'DONE', '王师傅', '2026-07-18 23:00:00', '2026-07-19 11:00:00', '2026-07-18 09:00:00', '2026-07-19 11:00:00'),
    (99, 'GD20260099', 154, '董心涵', '18632897994', '管道疏通', 'MEDIUM', '卫生间地漏排水缓慢，伴随轻微返味，需安排师傅排查并疏通。', 'DONE', '赵师傅', '2026-07-21 01:00:00', '2026-07-21 14:00:00', '2026-07-20 10:00:00', '2026-07-21 14:00:00'),
    (100, 'GD20260100', 161, '李奕辰', '13632953427', '电梯报修', 'MEDIUM', '高峰时段电梯到站后关门反应偏慢，住户担心影响通行效率。 由 09栋101 住户反馈。', 'DONE', '周管家', '2026-07-23 03:00:00', '2026-07-23 07:00:00', '2026-07-22 11:00:00', '2026-07-23 07:00:00'),
    (101, 'GD20260101', 168, '周宇婷', '18633008860', '照明维修', 'MEDIUM', '楼道感应灯频繁闪烁，夜间照明不足，建议尽快更换灯具。', 'DONE', '徐工', '2026-07-25 05:00:00', '2026-07-25 10:00:00', '2026-07-24 12:00:00', '2026-07-25 10:00:00'),
    (102, 'GD20260102', 175, '郭彦', '13633064293', '空调检修', 'MEDIUM', '客厅空调制冷效果下降，运行噪声偏大，需要安排检测。', 'DONE', '郭工', '2026-07-27 07:00:00', '2026-07-27 13:00:00', '2026-07-26 13:00:00', '2026-07-27 13:00:00'),
    (103, 'GD20260103', 2, '张若婷', '17631694306', '弱电网络', 'MEDIUM', '入户弱电箱线路松动，网络间歇性掉线，请协助排查。', 'DONE', '沈师傅', '2026-07-29 09:00:00', '2026-07-29 16:00:00', '2026-07-28 14:00:00', '2026-07-29 16:00:00'),
    (104, 'GD20260104', 9, '吴子楠', '15931749739', '公共区域维护', 'MEDIUM', '楼层消防通道附近墙面有轻微渗水痕迹，需要物业现场查看。 位置为 01栋501 所在楼层附近。', 'DONE', '陈师傅', '2026-07-31 11:00:00', '2026-07-31 19:00:00', '2026-07-30 15:00:00', '2026-07-31 19:00:00'),
    (105, 'GD20260105', 16, '何雅杰', '17631805172', '水电维修', 'MEDIUM', '住户反映厨房水槽下方有持续渗水，已影响橱柜底板，请尽快安排上门检修。', 'DONE', '李师傅', '2026-08-02 06:00:00', '2026-08-02 15:00:00', '2026-08-01 09:00:00', '2026-08-02 15:00:00'),
    (106, 'GD20260106', 23, '宋景涛', '15931860605', '门禁故障', 'LOW', '单元门禁识别不稳定，门禁卡偶发无法刷开，晚间出入受影响。', 'DONE', '王师傅', '2026-08-04 08:00:00', '2026-08-04 18:00:00', '2026-08-03 10:00:00', '2026-08-04 18:00:00'),
    (107, 'GD20260107', 30, '彭文', '17631916038', '管道疏通', 'LOW', '卫生间地漏排水缓慢，伴随轻微返味，需安排师傅排查并疏通。', 'DONE', '赵师傅', '2026-08-06 10:00:00', '2026-08-06 21:00:00', '2026-08-05 11:00:00', '2026-08-06 21:00:00'),
    (108, 'GD20260108', 37, '于承辰', '15931971471', '电梯报修', 'LOW', '高峰时段电梯到站后关门反应偏慢，住户担心影响通行效率。 由 02栋901 住户反馈。', 'DONE', '周管家', '2026-08-07 18:00:00', '2026-08-08 06:00:00', '2026-08-07 12:00:00', '2026-08-08 06:00:00'),
    (109, 'GD20260109', 44, '陈心婷', '17632026904', '照明维修', 'LOW', '楼道感应灯频繁闪烁，夜间照明不足，建议尽快更换灯具。', 'DONE', '徐工', '2026-08-09 20:00:00', '2026-08-10 09:00:00', '2026-08-09 13:00:00', '2026-08-10 09:00:00'),
    (110, 'GD20260110', 51, '孙奕楠', '15932082337', '空调检修', 'LOW', '客厅空调制冷效果下降，运行噪声偏大，需要安排检测。', 'DONE', '郭工', '2026-08-11 22:00:00', '2026-08-12 02:00:00', '2026-08-11 14:00:00', '2026-08-12 02:00:00'),
    (111, 'GD20260111', 58, '林宇杰', '17632137770', '弱电网络', 'LOW', '入户弱电箱线路松动，网络间歇性掉线，请协助排查。', 'CLOSED', '沈师傅', '2026-08-14 00:00:00', '2026-08-14 05:00:00', '2026-08-13 15:00:00', '2026-08-14 05:00:00'),
    (112, 'GD20260112', 65, '许彦', '15932193203', '公共区域维护', 'LOW', '楼层消防通道附近墙面有轻微渗水痕迹，需要物业现场查看。 位置为 04栋301 所在楼层附近。', 'CLOSED', '陈师傅', '2026-08-15 19:00:00', '2026-08-16 01:00:00', '2026-08-15 09:00:00', '2026-08-16 01:00:00'),
    (113, 'GD20260113', 72, '肖若涵', '17632248636', '水电维修', 'LOW', '住户反映厨房水槽下方有持续渗水，已影响橱柜底板，请尽快安排上门检修。', 'CLOSED', '李师傅', '2026-08-17 21:00:00', '2026-08-18 04:00:00', '2026-08-17 10:00:00', '2026-08-18 04:00:00'),
    (114, 'GD20260114', 79, '蔡子辰', '15932304069', '门禁故障', 'LOW', '单元门禁识别不稳定，门禁卡偶发无法刷开，晚间出入受影响。', 'CLOSED', '王师傅', '2026-08-19 23:00:00', '2026-08-20 07:00:00', '2026-08-19 11:00:00', '2026-08-20 07:00:00'),
    (115, 'GD20260115', 86, '黄雅婷', '17632359502', '管道疏通', 'LOW', '卫生间地漏排水缓慢，伴随轻微返味，需安排师傅排查并疏通。', 'CLOSED', '赵师傅', '2026-08-22 01:00:00', '2026-08-22 10:00:00', '2026-08-21 12:00:00', '2026-08-22 10:00:00'),
    (116, 'GD20260116', 93, '马景楠', '15932414935', '电梯报修', 'LOW', '高峰时段电梯到站后关门反应偏慢，住户担心影响通行效率。 由 05栋701 住户反馈。', 'CLOSED', '周管家', '2026-08-24 03:00:00', '2026-08-24 13:00:00', '2026-08-23 13:00:00', '2026-08-24 13:00:00'),
    (117, 'GD20260117', 100, '郑文', '17632470368', '照明维修', 'LOW', '楼道感应灯频繁闪烁，夜间照明不足，建议尽快更换灯具。', 'CLOSED', '徐工', '2026-08-26 05:00:00', '2026-08-26 16:00:00', '2026-08-25 14:00:00', '2026-08-26 16:00:00'),
    (118, 'GD20260118', 107, '冯承涛', '15932525801', '空调检修', 'LOW', '客厅空调制冷效果下降，运行噪声偏大，需要安排检测。', 'CLOSED', '郭工', '2026-08-28 07:00:00', '2026-08-28 19:00:00', '2026-08-27 15:00:00', '2026-08-28 19:00:00'),
    (119, 'GD20260119', 114, '董心涵', '17632581234', '弱电网络', 'LOW', '入户弱电箱线路松动，网络间歇性掉线，请协助排查。', 'CLOSED', '沈师傅', '2026-08-30 02:00:00', '2026-08-30 15:00:00', '2026-08-29 09:00:00', '2026-08-30 15:00:00'),
    (120, 'GD20260120', 121, '李奕辰', '15932636667', '公共区域维护', 'LOW', '楼层消防通道附近墙面有轻微渗水痕迹，需要物业现场查看。 位置为 07栋101 所在楼层附近。', 'CLOSED', '陈师傅', '2026-09-01 04:00:00', '2026-09-01 08:00:00', '2026-08-31 10:00:00', '2026-09-01 08:00:00'),
    (121, 'GD20260121', 128, '周宇婷', '17632692100', '水电维修', 'LOW', '住户反映厨房水槽下方有持续渗水，已影响橱柜底板，请尽快安排上门检修。', 'CLOSED', '李师傅', '2026-09-03 06:00:00', '2026-09-03 11:00:00', '2026-09-02 11:00:00', '2026-09-03 11:00:00'),
    (122, 'GD20260122', 135, '郭彦', '15932747533', '门禁故障', 'LOW', '单元门禁识别不稳定，门禁卡偶发无法刷开，晚间出入受影响。', 'CLOSED', '王师傅', '2026-09-05 08:00:00', '2026-09-05 14:00:00', '2026-09-04 12:00:00', '2026-09-05 14:00:00'),
    (123, 'GD20260123', 142, '谢若涵', '17632802966', '管道疏通', 'LOW', '卫生间地漏排水缓慢，伴随轻微返味，需安排师傅排查并疏通。', 'CLOSED', '赵师傅', '2026-09-07 10:00:00', '2026-09-07 17:00:00', '2026-09-06 13:00:00', '2026-09-07 17:00:00'),
    (124, 'GD20260124', 149, '曹子辰', '15932858399', '电梯报修', 'LOW', '高峰时段电梯到站后关门反应偏慢，住户担心影响通行效率。 由 08栋501 住户反馈。', 'CLOSED', '周管家', '2026-09-09 12:00:00', '2026-09-09 20:00:00', '2026-09-08 14:00:00', '2026-09-09 20:00:00'),
    (125, 'GD20260125', 156, '潘雅婷', '17632913832', '照明维修', 'LOW', '楼道感应灯频繁闪烁，夜间照明不足，建议尽快更换灯具。', 'CLOSED', '徐工', '2026-09-11 14:00:00', '2026-09-11 23:00:00', '2026-09-10 15:00:00', '2026-09-11 23:00:00'),
    (126, 'GD20260126', 163, '刘景楠', '15932969265', '空调检修', 'LOW', '客厅空调制冷效果下降，运行噪声偏大，需要安排检测。', 'CLOSED', '郭工', '2026-09-12 15:00:00', '2026-09-13 01:00:00', '2026-09-12 09:00:00', '2026-09-13 01:00:00'),
    (127, 'GD20260127', 170, '徐文', '17633024698', '弱电网络', 'LOW', '入户弱电箱线路松动，网络间歇性掉线，请协助排查。', 'CLOSED', '沈师傅', '2026-09-14 17:00:00', '2026-09-15 04:00:00', '2026-09-14 10:00:00', '2026-09-15 04:00:00'),
    (128, 'GD20260128', 177, '高承涛', '15933080131', '公共区域维护', 'LOW', '楼层消防通道附近墙面有轻微渗水痕迹，需要物业现场查看。 位置为 09栋901 所在楼层附近。', 'CLOSED', '陈师傅', '2026-09-16 19:00:00', '2026-09-17 07:00:00', '2026-09-16 11:00:00', '2026-09-17 07:00:00'),
    (129, 'GD20260129', 4, '陈心杰', '13931710144', '水电维修', 'LOW', '住户反映厨房水槽下方有持续渗水，已影响橱柜底板，请尽快安排上门检修。', 'CLOSED', '李师傅', '2026-09-18 21:00:00', '2026-09-19 10:00:00', '2026-09-18 12:00:00', '2026-09-19 10:00:00'),
    (130, 'GD20260130', 11, '孙奕涛', '15731765577', '门禁故障', 'LOW', '单元门禁识别不稳定，门禁卡偶发无法刷开，晚间出入受影响。', 'CLOSED', '王师傅', '2026-09-20 23:00:00', '2026-09-21 03:00:00', '2026-09-20 13:00:00', '2026-09-21 03:00:00'),
    (131, 'GD20260131', 18, '林宇涵', '13931821010', '管道疏通', 'LOW', '卫生间地漏排水缓慢，伴随轻微返味，需安排师傅排查并疏通。', 'CLOSED', '赵师傅', '2026-09-23 01:00:00', '2026-09-23 06:00:00', '2026-09-22 14:00:00', '2026-09-23 06:00:00'),
    (132, 'GD20260132', 25, '许彦', '15731876443', '电梯报修', 'LOW', '高峰时段电梯到站后关门反应偏慢，住户担心影响通行效率。 由 02栋301 住户反馈。', 'CLOSED', '周管家', '2026-09-25 03:00:00', '2026-09-25 09:00:00', '2026-09-24 15:00:00', '2026-09-25 09:00:00'),
    (133, 'GD20260133', 32, '肖若婷', '13931931876', '照明维修', 'LOW', '楼道感应灯频繁闪烁，夜间照明不足，建议尽快更换灯具。', 'CLOSED', '徐工', '2026-09-26 22:00:00', '2026-09-27 05:00:00', '2026-09-26 09:00:00', '2026-09-27 05:00:00'),
    (134, 'GD20260134', 39, '蔡子楠', '15731987309', '空调检修', 'LOW', '客厅空调制冷效果下降，运行噪声偏大，需要安排检测。', 'CLOSED', '郭工', '2026-09-29 00:00:00', '2026-09-29 08:00:00', '2026-09-28 10:00:00', '2026-09-29 08:00:00'),
    (135, 'GD20260135', 46, '黄雅杰', '13932042742', '弱电网络', 'LOW', '入户弱电箱线路松动，网络间歇性掉线，请协助排查。', 'CLOSED', '沈师傅', '2026-10-01 02:00:00', '2026-10-01 11:00:00', '2026-09-30 11:00:00', '2026-10-01 11:00:00'),
    (136, 'GD20260136', 53, '马景涛', '15732098175', '公共区域维护', 'LOW', '楼层消防通道附近墙面有轻微渗水痕迹，需要物业现场查看。 位置为 03栋701 所在楼层附近。', 'CLOSED', '陈师傅', '2026-10-03 04:00:00', '2026-10-03 14:00:00', '2026-10-02 12:00:00', '2026-10-03 14:00:00'),
    (137, 'GD20260137', 60, '郑文', '13932153608', '水电维修', 'LOW', '住户反映厨房水槽下方有持续渗水，已影响橱柜底板，请尽快安排上门检修。', 'CLOSED', '李师傅', '2026-10-05 06:00:00', '2026-10-05 17:00:00', '2026-10-04 13:00:00', '2026-10-05 17:00:00'),
    (138, 'GD20260138', 67, '冯承辰', '15732209041', '门禁故障', 'LOW', '单元门禁识别不稳定，门禁卡偶发无法刷开，晚间出入受影响。', 'CLOSED', '王师傅', '2026-10-07 08:00:00', '2026-10-07 20:00:00', '2026-10-06 14:00:00', '2026-10-07 20:00:00'),
    (139, 'GD20260139', 74, '董心婷', '13932264474', '管道疏通', 'LOW', '卫生间地漏排水缓慢，伴随轻微返味，需安排师傅排查并疏通。', 'CLOSED', '赵师傅', '2026-10-09 10:00:00', '2026-10-09 23:00:00', '2026-10-08 15:00:00', '2026-10-09 23:00:00'),
    (140, 'GD20260140', 81, '李奕楠', '15732319907', '电梯报修', 'LOW', '高峰时段电梯到站后关门反应偏慢，住户担心影响通行效率。 由 05栋101 住户反馈。', 'CLOSED', '周管家', '2026-10-11 05:00:00', '2026-10-11 09:00:00', '2026-10-10 09:00:00', '2026-10-11 09:00:00'),
    (141, 'GD20260141', 88, '周宇杰', '13932375340', '照明维修', 'LOW', '楼道感应灯频繁闪烁，夜间照明不足，建议尽快更换灯具。', 'CLOSED', '徐工', '2026-10-13 07:00:00', '2026-10-13 12:00:00', '2026-10-12 10:00:00', '2026-10-13 12:00:00'),
    (142, 'GD20260142', 95, '郭彦', '15732430773', '空调检修', 'LOW', '客厅空调制冷效果下降，运行噪声偏大，需要安排检测。', 'CLOSED', '郭工', '2026-10-15 09:00:00', '2026-10-15 15:00:00', '2026-10-14 11:00:00', '2026-10-15 15:00:00'),
    (143, 'GD20260143', 102, '谢若涵', '13932486206', '弱电网络', 'LOW', '入户弱电箱线路松动，网络间歇性掉线，请协助排查。', 'CLOSED', '沈师傅', '2026-10-17 11:00:00', '2026-10-17 18:00:00', '2026-10-16 12:00:00', '2026-10-17 18:00:00'),
    (144, 'GD20260144', 109, '曹子辰', '15732541639', '公共区域维护', 'LOW', '楼层消防通道附近墙面有轻微渗水痕迹，需要物业现场查看。 位置为 06栋501 所在楼层附近。', 'CLOSED', '陈师傅', '2026-10-18 19:00:00', '2026-10-19 03:00:00', '2026-10-18 13:00:00', '2026-10-19 03:00:00'),
    (145, 'GD20260145', 116, '潘雅婷', '13932597072', '水电维修', 'LOW', '住户反映厨房水槽下方有持续渗水，已影响橱柜底板，请尽快安排上门检修。', 'CLOSED', '李师傅', '2026-10-20 21:00:00', '2026-10-21 06:00:00', '2026-10-20 14:00:00', '2026-10-21 06:00:00');

INSERT INTO users (id, username, password_hash, password_salt, role, status, created_at, updated_at) VALUES
    (1, 'admin', '{bcrypt}$2a$12$FCYzNs4BZpzwwxMXPsSzLuu4YPxApxOAQHxlDuIt1LrMdBnVgqjc.', '', 'ADMIN', 'ACTIVE', '2025-06-01 09:00:00', '2025-06-01 09:00:00'),
    (2, 'manager', '{bcrypt}$2a$12$pUighS26gH.QWaRALc/TJORaatu/J1T5tDcDDxHCEZXOwjygBU7z.', '', 'STAFF', 'ACTIVE', '2025-06-01 09:05:00', '2025-06-01 09:05:00'),
    (3, 'finance', '{bcrypt}$2a$12$462yRqPtNqSSWMv3nXC/iuTOnmvtk.M9GeZoRDedSezX3Fw.LEXDO', '', 'FINANCE', 'ACTIVE', '2025-06-01 09:10:00', '2025-06-01 09:10:00');

COMMIT;

SELECT 'buildings' AS table_name, COUNT(*) AS row_count FROM buildings
UNION ALL SELECT 'units', COUNT(*) FROM units
UNION ALL SELECT 'residents', COUNT(*) FROM residents
UNION ALL SELECT 'fee_bills', COUNT(*) FROM fee_bills
UNION ALL SELECT 'work_orders', COUNT(*) FROM work_orders
UNION ALL SELECT 'users', COUNT(*) FROM users;
